Plot;Quad;X_quad;Y_quad;Q_Yellow;X_yellow;Y_yellow;TAG ;Col_data;status;X_10;Y_10;X_q;Y_q;X;Y;alt;dia_x;dia_y;diam;
1;A;0;0;D4;10;10;no tag;2022;immaturo_23 ;1;1;11;11;11;11;11.1;7.6;7.3;174.2072;
1;B;50;0;A5;40;40;no tag;2022;reprodutivo_23;0.5;7;40.5;47;90.5;47;17.9;5.6;8.5;149.464;
1;B;50;0;A5;40;40;no tag;2022;immaturo_23 ;4;5;44;45;94;45;12.6;5;5;78.5;
1;B;50;0;A5;40;40;no tag;2022;immaturo_23 ;4;5;44;45;94;45;8.2;10.2;20.5;656.574;
1;B;50;0;A5;40;40;2010;2022;reprodutivo_23;6;3;46;43;96;43;29.2;51.2;37.2;5980.5696;
1;B;50;0;B1;0;30;2006;2022;reprodutivo_23;6;4;6;34;56;34;45;43.1;36.9;4993.8246;
1;B;50;0;C2;10;20;no tag;2022;reprodutivo_23;3;7;13;27;63;27;18;6.7;5.5;115.709;
1;B;50;0;C2;10;20;no tag;2022;immaturo_23 ;5;7;15;27;65;27;18;7.1;6.7;149.3698;
1;B;50;0;C2;10;20;no tag;2022;immaturo_23 ;2;8;12;28;62;28;18;6.5;6.5;132.665;
1;B;50;0;C2;10;20;no tag;2022;immaturo_23 ;2;8;12;28;62;28;18;6.5;6.5;132.665;
1;B;50;0;D3;20;10;2003;2022;immaturo_23 ;4;10;24;20;74;20;20.4;26.5;19.9;1655.879;
1;B;50;0;D4;30;10;2000;2022;reprodutivo_23;6;4;36;14;86;14;25.6;21.4;35.9;2412.3364;
1;C;50;50;A3;0;20;no tag;2022;reprodutivo_23;3.5;7;3.5;27;53.5;77;7.7;5;5;78.5;
1;C;50;50;C1;20;0;2009;2022;reprodutivo_23;5;2.5;25;2.5;75;52.5;24.3;17.1;20;1073.88;
1;C;50;50;C2;20;10;no tag;2022;reprodutivo_23;3;9;23;19;73;69;27.4;27.2;37;3160.096;
1;B;50;0;E2;10;0;no tag;2023;immaturo_23 ;4;1.5;14;1.5;64;1.5;24.9;23.2;17.3;1260.2704;
1;B;50;0;D4;30;10;no tag;2023;immaturo_23 ;3;5.5;33;15.5;83;15.5;7.5;5;5;78.5;
1;D;50;50;E5;40;0;no tag;2023;immaturo_23 ;9.5;5;49.5;5;99.5;55;15;7.7;9;217.602;
2;A;0;0;A2;40;30;no tag;2022;reprodutivo_23;1.5;5.5;41.5;35.5;41.5;35.5;21.8;5;5;78.5;
2;A;0;0;A3;40;20;2030;2022;reprodutivo_23;9;9.5;49;29.5;49;29.5;37.4;27.8;24.6;2147.3832;
2;A;0;0;A3;40;20;no tag;2022;immaturo_23 ;4;4.5;44;24.5;44;24.5;17.6;5;5;78.5;
2;A;0;0;A3;40;20;no tag;2022;reprodutivo_23;3;8;43;28;43;28;32.7;15.1;10.5;497.847;
2;A;0;0;A4;40;10;2023;2022;reprodutivo_23;9;5;49;15;49;15;45.3;30.9;59.7;5792.4522;
2;A;0;0;A4;40;10;no tag;2022;immaturo_23 ;1;4;41;14;41;14;7.6;5;5;78.5;
2;A;0;0;A5;40;0;no tag;2022;immaturo_23 ;7;4.5;47;4.5;47;4.5;5.9;5;5;78.5;
2;A;0;0;A5;40;0;no tag;2022;reprodutivo_23;7;4.5;47;4.5;47;4.5;5.9;5;5;78.5;
2;A;0;0;B2;30;30;no tag;2022;reprodutivo_23;2.5;9;32.5;39;32.5;39;8.7;5;5;78.5;
2;A;0;0;B3;30;20;no tag;2022;immaturo_23 ;2.5;0.5;32.5;20.5;32.5;20.5;5;5;5;78.5;
2;A;0;0;B3;30;20;no tag;2022;immaturo_23 ;1.5;2;31.5;22;31.5;22;5;5;5;78.5;
2;A;0;0;B5;30;0;no tag;2022;immaturo_23 ;6;6.5;36;6.5;36;6.5;5;5;5;78.5;
2;A;0;0;B5;30;0;no tag;2022;immaturo_23 ;6;6.5;36;6.5;36;6.5;5;5;5;78.5;
2;A;0;0;B5;30;0;no tag;2022;immaturo_23 ;6;6.5;36;6.5;36;6.5;5;5;5;78.5;
2;A;0;0;B5;30;0;no tag;2022;immaturo_23 ;6;6.5;36;6.5;36;6.5;10.6;5;5;78.5;
2;A;0;0;C4;20;10;no tag;2022;immaturo_23 ;3.5;5;23.5;15;23.5;15;5;5;5;78.5;
2;A;0;0;C5;20;0;no tag;2022;immaturo_23 ;4.5;6;24.5;6;24.5;6;5;5;5;78.5;
2;A;0;0;D1;10;40;no tag;2022;reprodutivo_23;2;8;12;48;12;48;8.7;5;5;78.5;
2;A;0;0;D3;10;20;no tag;2022;immaturo_23 ;0.5;2;10.5;22;10.5;22;7.3;5;5;78.5;
2;A;0;0;D3;10;20;no tag;2022;immaturo_23 ;0.5;2;10.5;22;10.5;22;1.3;5;5;78.5;
2;A;0;0;E1;0;40;2029;2022;reprodutivo_23;10;4;10;44;10;44;36.4;23.2;28.3;2061.5984;
2;A;0;0;E1;0;40;no tag;2022;reprodutivo_23;6;8;6;48;6;48;11.1;7.8;7.4;181.2408;
2;A;0;0;E1;0;40;no tag;2022;reprodutivo_23;5;6.5;5;46.5;5;46.5;9.7;7.4;6.5;151.034;
2;A;0;0;E1;0;40;no tag;2022;reprodutivo_23;1.5;5.5;1.5;45.5;1.5;45.5;24.2;20.3;15.2;968.8784;
2;A;0;0;A2;40;30;no tag;2023;reprodutivo_23;6.5;8;46.5;38;46.5;38;17.7;5.8;5.5;100.166;
2;A;0;0;A4;40;10;no tag;2023;immaturo_23 ;1;4;41;14;41;14;7.6;5;5;78.5;
2;A;0;0;A4;40;10;no tag;2023;immaturo_23 ;3;5.5;43;15.5;43;15.5;5;5;5;78.5;
2;A;0;0;A5;40;0;no tag;2023;immaturo_23 ;5;8.5;45;8.5;45;8.5;5;5;5;78.5;
2;A;0;0;B2;30;30;no tag;2023;immaturo_23 ;2.5;5;32.5;35;32.5;35;10;5;5;78.5;
2;A;0;0;B2;30;30;no tag;2023;immaturo_23 ;3;5;33;35;33;35;10;5;5;78.5;
2;A;0;0;B2;30;30;no tag;2023;immaturo_23 ;2;6.5;32;36.5;32;36.5;11.4;5;5;78.5;
2;A;0;0;B3;30;20;no tag;2023;immaturo_23 ;0.5;6;30.5;26;30.5;26;5.1;5;5;78.5;
2;A;0;0;B3;30;20;no tag;2023;reprodutivo_23;4.5;3;34.5;23;34.5;23;5;5;55;863.5;
2;A;0;0;B5;30;0;no tag;2023;immaturo_23 ;6;6;36;6;36;6;5;5;5;78.5;
2;A;0;0;B5;30;0;no tag;2023;reprodutivo_23;9;8;39;8;39;8;16.9;6.2;5;97.34;
2;A;0;0;B5;30;0;no tag;2023;reprodutivo_23;9.5;6.5;39.5;6.5;39.5;6.5;10.8;5.5;5.5;94.985;
2;A;0;0;B5;30;0;no tag;2023;immaturo_23 ;4.5;8;34.5;8;34.5;8;5;5;5;78.5;
2;A;0;0;B5;30;0;no tag;2023;immaturo_23 ;3;3;33;3;33;3;5;5;55;863.5;
2;A;0;0;B5;30;0;no tag;2023;immaturo_23 ;3;3;33;3;33;3;5;5;5;78.5;
2;A;0;0;C1;20;40;no tag;2023;reprodutivo_23;8.5;2;28.5;42;28.5;42;12.7;5;5;78.5;
2;A;0;0;C1;20;40;no tag;2023;immaturo_23 ;5;3;25;43;25;43;5;5;5;78.5;
2;A;0;0;C1;20;40;no tag;2023;reprodutivo_23;4;3.5;24;43.5;24;43.5;10.2;5.9;5.5;101.893;
2;A;0;0;C3;20;20;no tag;2023;reprodutivo_23;0.5;4.5;20.5;24.5;20.5;24.5;10.5;5;6.5;102.05;
2;A;0;0;C4;20;10;no tag;2023;reprodutivo_23;5;4;25;14;25;14;12.3;5;5;78.5;
2;A;0;0;C4;20;10;no tag;2023;reprodutivo_23;7.5;8.5;27.5;18.5;27.5;18.5;6.7;5;5;78.5;
2;A;0;0;C4;20;10;no tag;2023;immaturo_23 ;4.5;4;24.5;14;24.5;14;5;5;5;78.5;
2;A;0;0;D1;10;40;no tag;2023;reprodutivo_23;6.5;3;16.5;43;16.5;43;5.6;5.5;5;86.35;
2;A;0;0;D2;10;30;no tag;2023;reprodutivo_23;6;2;16;32;16;32;10.4;7.2;9.1;205.7328;
2;A;0;0;D3;10;20;no tag;2023;immaturo_23 ;0.5;2;10.5;22;10.5;22;7.3;5;5;78.5;
2;A;0;0;D3;10;20;no tag;2023;immaturo_23 ;0.5;2;10.5;22;10.5;22;7.3;5;5;78.5;
2;A;0;0;E1;0;40;no tag;2023;reprodutivo_23;5;6;5;46;5;46;12.2;7.5;6.9;162.495;
2;A;0;0;E1;0;40;no tag;2023;reprodutivo_23;4;7;4;47;4;47;6.7;5.5;5;86.35;
2;B;50;0;A3;20;40;no tag;2023;reprodutivo_23;9.5;8.5;29.5;48.5;79.5;48.5;9.1;6.1;5;95.77;
2;B;50;0;A3;20;40;no tag;2023;reprodutivo_23;9.5;8.5;29.5;48.5;79.5;48.5;9.1;6.1;5;95.77;
2;B;50;0;A3;20;40;no tag;2023;reprodutivo_23;8;3.5;28;43.5;78;43.5;10.8;5;5;78.5;
2;B;50;0;A3;20;40;no tag;2023;reprodutivo_23;8;4.5;28;44.5;78;44.5;5.8;5;5;78.5;
2;B;50;0;A3;20;40;no tag;2023;immaturo_23 ;4;7;24;47;74;47;8.8;5;5;78.5;
2;B;50;0;A4;30;40;no tag;2023;immaturo_23 ;5;3.5;35;43.5;85;43.5;12.3;8.2;7.5;193.11;
2;B;50;0;B1;30;30;no tag;2023;reprodutivo_23;5.5;4.5;35.5;34.5;85.5;34.5;9;5.5;5;86.35;
2;B;50;0;B1;0;30;no tag;2023;reprodutivo_23;6;7;6;37;56;37;18.5;6;6;113.04;
2;B;50;0;B1;0;30;no tag;2023;reprodutivo_23;7;7;7;37;57;37;7.3;5;5;78.5;
2;B;50;0;B1;0;30;no tag;2023;immaturo_23 ;9;7;9;37;59;37;7.8;5.8;5.9;107.4508;
2;B;50;0;B1;0;30;no tag;2023;reprodutivo_23;9;8;9;38;59;38;17.4;5.5;5.5;94.985;
2;B;50;0;B1;0;30;no tag;2023;reprodutivo_23;7.5;9;7.5;39;57.5;39;15.4;5;5;78.5;
2;B;50;0;B1;0;30;no tag;2023;reprodutivo_23;7.5;9;7.5;39;57.5;39;15.4;5;5;78.5;
2;B;50;0;B1;0;30;no tag;2023;reprodutivo_23;7.5;9;7.5;39;57.5;39;15.4;5;5;78.5;
2;B;50;0;B1;0;30;no tag;2023;reprodutivo_23;7.5;9;7.5;39;57.5;39;15.4;5;5;78.5;
2;B;50;0;B1;0;30;no tag;2023;reprodutivo_23;0.5;4.5;0.5;34.5;50.5;34.5;13.6;7.6;7;167.048;
2;B;50;0;B3;20;30;no tag;2023;reprodutivo_23;3;9.5;23;39.5;73;39.5;8.1;5.5;5;86.35;
2;B;50;0;B4;30;30;no tag;2023;immaturo_23 ;4.5;1;34.5;31;84.5;31;5;5;5;78.5;
2;B;50;0;B4;30;30;no tag;2023;reprodutivo_23;8;2;38;32;88;32;18;23;7.4;534.428;
2;B;50;0;C2;10;20;no tag;2023;immaturo_23 ;8;5;18;25;68;25;11;5.5;5.5;94.985;
2;B;50;0;C2;10;20;no tag;2023;immaturo_23 ;9;5;19;25;69;25;13.1;5;5;78.5;
2;B;50;0;C2;10;20;no tag;2023;immaturo_23 ;9;5;19;25;69;25;13.1;5;5.3;83.21;
2;B;50;0;C2;10;20;no tag;2023;reprodutivo_23;7.5;6.5;17.5;26.5;67.5;26.5;12.6;5.8;5.3;96.5236;
2;B;50;0;C2;10;20;no tag;2023;reprodutivo_23;7.5;6.5;17.5;26.5;67.5;26.5;12.3;5.8;5.3;96.5236;
2;B;50;0;C2;10;20;no tag;2023;reprodutivo_23;6.5;8;16.5;28;66.5;28;26.3;11.3;11.6;411.5912;
2;B;50;0;C3;20;20;no tag;2023;reprodutivo_23;7;6.5;27;26.5;77;26.5;19.6;7;8.2;180.236;
2;B;50;0;C4;30;20;no tag;2023;reprodutivo_23;8;4;38;24;88;24;6.3;5;5;78.5;
2;B;50;0;C4;30;20;no tag;2023;reprodutivo_23;5;5;35;25;85;25;9.4;5.5;5.5;94.985;
2;B;50;0;E1;0;10;no tag;2023;reprodutivo_23;7;6.5;7;16.5;57;16.5;13.1;5.1;5.6;89.6784;
2;B;50;0;E1;0;10;no tag;2023;reprodutivo_23;9;8;9;18;59;18;13.4;5.9;5;92.63;
2;B;50;0;E3;20;10;no tag;2023;reprodutivo_23;9;4;29;14;79;14;9.1;5;5;78.5;
2;B;50;0;E3;20;10;no tag;2023;reprodutivo_23;9;6;29;16;79;16;10.1;5.8;5;91.06;
2;B;50;0;E3;20;10;no tag;2023;reprodutivo_23;10;8;30;18;80;18;20.1;8.1;7.9;200.9286;
2;B;50;0;E4;30;10;no tag;2023;reprodutivo_23;10;9;40;19;90;19;24.7;28;26.6;2338.672;
2;C;0;50;B4;10;30;no tag;2023;reprodutivo_23;4.5;7.1;14.5;37.1;14.5;87.1;7.1;5;5;78.5;
2;C;0;50;C3;20;20;no tag;2023;immaturo_23 ;4;8.5;24;28.5;24;78.5;11.8;5;5;78.5;
2;C;0;50;C3;20;20;no tag;2023;immaturo_23 ;4.5;8.5;24.5;28.5;24.5;78.5;11.8;5;5;78.5;
2;C;0;50;C3;20;20;no tag;2023;immaturo_23 ;4.5;8.5;24.5;28.5;24.5;78.5;11.8;5;5;78.5;
2;C;0;50;C3;20;20;no tag;2023;immaturo_23 ;5;8.5;25;28.5;25;78.5;11.8;5;5;78.5;
2;C;0;50;C3;20;20;no tag;2023;reprodutivo_23;2;1;22;21;22;71;14.2;5;5;78.5;
2;C;0;50;C5;20;40;no tag;2023;immaturo_23 ;3.5;3.5;23.5;43.5;23.5;93.5;5;5;5;78.5;
2;C;0;50;D1;30;0;no tag;2023;immaturo_23 ;5;9;35;9;35;59;5;5;5;78.5;
2;C;0;50;D1;30;0;no tag;2023;immaturo_23 ;5.5;9;35.5;9;35.5;59;5;5;5;78.5;
2;C;0;50;D1;30;0;no tag;2023;immaturo_23 ;8;3;38;3;38;53;5;5;5;78.5;
2;C;0;50;D1;30;0;no tag;2023;immaturo_23 ;8.5;3.5;38.5;3.5;38.5;53.5;5;5;5;78.5;
2;C;0;50;D1;30;0;no tag;2023;immaturo_23 ;6;5;36;5;36;55;5;5;5;78.5;
2;C;0;50;D1;30;0;no tag;2023;immaturo_23 ;7.5;6;37.5;6;37.5;56;5;5;5;78.5;
2;C;0;50;D1;30;0;no tag;2023;immaturo_23 ;8;9;38;9;38;59;5;5;5;78.5;
2;C;0;50;D1;30;0;no tag;2023;immaturo_23 ;8.5;8.5;38.5;8.5;38.5;58.5;5;5;5;78.5;
2;C;0;50;D5;30;40;no tag;2023;immaturo_23 ;4;4;34;44;34;94;14;5;5;78.5;
2;C;0;50;D5;30;40;no tag;2023;immaturo_23 ;4;5;34;45;34;95;14.6;5.5;5.5;94.985;
2;C;0;50;D5;30;40;no tag;2023;immaturo_23 ;4;8;34;48;34;98;10.4;5;5;78.5;
2;C;0;50;E2;40;10;no tag;2023;immaturo_23 ;3;5;43;15;43;65;16.8;6.6;10.2;211.3848;
2;C;0;50;E2;40;10;no tag;2023;immaturo_23 ;5;5;45;15;45;65;5.6;7.4;7;162.652;
2;C;0;50;E3;40;20;no tag;2023;immaturo_23 ;8.5;4.5;48.5;24.5;48.5;74.5;11.7;5.5;5;86.35;
2;C;0;50;E5;40;40;no tag;2023;immaturo_23 ;1;2;41;42;41;92;12.8;5;5;78.5;
2;C;0;50;E5;40;40;no tag;2023;immaturo_23 ;2.5;2;42.5;42;42.5;92;5;5;5;78.5;
2;C;0;50;E5;40;40;no tag;2023;immaturo_23 ;3;1.5;43;41.5;43;91.5;5;5;5;78.5;
2;C;0;50;E5;40;40;no tag;2023;immaturo_23 ;4;1;44;41;44;91;5;5;5;78.5;
2;D;50;50;A2;30;0;no tag;2023;reprodutivo_23;4;6.5;34;6.5;84;56.5;22.8;11.8;15.2;563.1904;
2;D;50;50;A3;20;0;no tag;2023;reprodutivo_23;7.5;6;27.5;6;77.5;56;5;5;5;78.5;
2;D;50;50;A5;0;0;no tag;2023;reprodutivo_23;1;3;1;3;51;53;18;5.5;5.5;94.985;
2;D;50;50;A5;0;0;no tag;2023;reprodutivo_23;7.5;3.5;7.5;3.5;57.5;53.5;11.8;5.4;5;84.78;
2;D;50;50;B1;40;10;no tag;2023;reprodutivo_23;6.5;1;46.5;11;96.5;61;5;5;5;78.5;
2;D;50;50;B5;0;10;no tag;2023;immaturo_23 ;2;1;2;11;52;61;5;5;5;78.5;
2;D;50;50;B5;0;10;no tag;2023;reprodutivo_23;7;5;7;15;57;65;10.9;5;5;78.5;
2;D;50;50;B5;0;10;no tag;2023;reprodutivo_23;5.5;5;5.5;15;55.5;65;9.3;5;5;78.5;
2;D;50;50;B5;0;10;no tag;2023;immaturo_23 ;7;8;7;18;57;68;6.7;5;5;78.5;
2;D;50;50;C5;0;20;no tag;2023;reprodutivo_23;0.5;3;0.5;23;50.5;73;5;5;5;78.5;
2;D;50;50;C5;0;20;no tag;2023;reprodutivo_23;0.5;3;0.5;23;50.5;73;5;5;5;78.5;
2;D;50;50;E2;30;40;no tag;2023;immaturo_23 ;5;5.5;35;45.5;85;95.5;5;5;5;78.5;
2;D;50;50;E2;30;40;no tag;2023;immaturo_23 ;4;6.5;34;46.5;84;96.5;5;5;5;78.5;
2;B;50;0;A3;20;40;no tag;2022;reprodutivo_23;1;8;21;48;71;48;9.8;6.9;6;129.996;
2;B;50;0;A3;20;40;no tag;2022;reprodutivo_23;1;8;21;48;71;48;9.8;6.9;6;129.996;
2;B;50;0;A3;20;40;no tag;2022;reprodutivo_23;2.5;9.5;22.5;49.5;72.5;49.5;17.3;5;5;78.5;
2;B;50;0;A3;20;40;no tag;2022;immaturo_23 ;3;9.5;23;49.5;73;49.5;5;5;5;78.5;
2;B;50;0;A3;20;40;no tag;2022;reprodutivo_23;3.5;9.5;23.5;49.5;73.5;49.5;15.8;5;5;78.5;
2;B;50;0;A3;20;40;no tag;2022;immaturo_23 ;4;9.5;24;49.5;74;49.5;12.2;5;5;78.5;
2;B;50;0;A3;20;40;no tag;2022;reprodutivo_23;6;5;26;45;76;45;23.7;6.8;6.6;140.9232;
2;B;50;0;A3;20;40;no tag;2022;reprodutivo_23;6;5;26;45;76;45;23.7;6.6;6.6;136.7784;
2;B;50;0;A4;30;40;no tag;2022;immaturo_23 ;8;1;38;41;88;41;6.5;5;5;78.5;
2;B;50;0;B2;10;30;no tag;2022;reprodutivo_23;6.5;5.5;16.5;35.5;66.5;35.5;21.2;25.11;29.4;2318.05476;
2;B;50;0;C4;30;20;no tag;2022;reprodutivo_23;2;3;32;23;82;23;7.5;5.2;5.3;86.5384;
2;B;50;0;C4;30;20;no tag;2022;reprodutivo_23;8;4;38;24;88;24;6.3;5;5;78.5;
2;B;50;0;D2;10;10;no tag;2022;immaturo_23 ;1;5;11;15;61;15;11.1;5.5;5.5;94.985;
2;B;50;0;D2;10;10;no tag;2022;immaturo_23 ;2;5;12;15;62;15;13.6;5;5;78.5;
2;B;50;0;D2;10;10;no tag;2022;immaturo_23 ;2;5;12;15;62;15;13.6;5;5;78.5;
2;B;50;0;D2;10;10;no tag;2022;reprodutivo_23;8;2;18;12;68;12;1.5;7;5.5;120.89;
2;B;50;0;D2;10;10;no tag;2022;reprodutivo_23;8;2;18;12;68;12;15.7;5;5;78.5;
2;B;50;0;D2;10;10;no tag;2022;reprodutivo_23;1;8.5;11;18.5;61;18.5;8;7.8;7.4;181.2408;
2;B;50;0;E1;0;0;no tag;2022;reprodutivo_23;1.5;8;1.5;8;51.5;8;9.5;7.2;6.2;140.1696;
2;B;50;0;D3;20;10;no tag;2022;reprodutivo_23;5;7;25;17;75;17;18.1;17.9;16.7;938.6402;
2;C;0;50;C1;20;0;no tag;2022;immaturo_23 ;4;0.5;24;0.5;24;50.5;15.5;9.2;9.7;280.2136;
2;C;0;50;C2;20;10;2039;2022;reprodutivo_23;6.5;3;26.5;13;26.5;63;22.3;23.8;20.3;1517.0596;
2;C;0;50;C2;20;10;2037;2022;reprodutivo_23;5;7;25;17;25;67;30.2;41.4;38.4;4991.8464;
2;C;0;50;C2;20;10;no tag;2022;immaturo_23 ;2;9;22;19;22;69;11.2;5.2;5;81.64;
2;C;0;50;C3;20;20;2038;2022;reprodutivo_23;7;10;27;30;27;80;38.8;39.6;34.1;4240.1304;
2;C;0;50;C3;20;20;no tag;2022;immaturo_23 ;1.5;8.5;21.5;28.5;21.5;78.5;12.4;5;5;78.5;
2;C;0;50;C3;20;20;no tag;2022;immaturo_23 ;4;8.5;24;28.5;24;78.5;11.8;5;5;78.5;
2;C;0;50;C3;20;20;no tag;2022;immaturo_23 ;4.5;8.5;24.5;28.5;24.5;78.5;21.4;5;5;78.5;
2;C;0;50;C3;20;20;no tag;2022;immaturo_23 ;4.5;8.5;24.5;28.5;24.5;78.5;11.8;5;5;78.5;
2;C;0;50;C3;20;20;no tag;2022;immaturo_23 ;5;8.5;25;28.5;25;78.5;11.8;5;5;78.5;
2;C;0;50;D4;30;30;no tag;2022;reprodutivo_23;2.5;3.5;32.5;33.5;32.5;83.5;7.8;5;5;78.5;
2;C;0;50;D4;30;30;no tag;2022;reprodutivo_23;4;3;34;33;34;83;12;5;5;78.5;
2;C;0;50;D4;30;30;no tag;2022;immaturo_23 ;6;4;36;34;36;84;5;5;5;78.5;
2;C;0;50;D4;30;30;no tag;2022;immaturo_23 ;8;4;38;34;38;84;5;5;5;78.5;
2;C;0;50;E2;40;10;no tag;2022;reprodutivo_23;8;4;48;14;48;64;23.1;29;27.6;2513.256;
2;D;50;50;A2;30;0;no tag;2022;immaturo_23 ;7.5;3;37.5;3;87.5;53;8.9;5;5;78.5;
2;D;50;50;A2;30;0;no tag;2022;immaturo_23 ;7.5;3;37.5;3;87.5;53;8.9;5;5;78.5;
2;D;50;50;A2;30;0;no tag;2022;immaturo_23 ;7.5;3;37.5;3;87.5;53;8.9;8;6.6;165.792;
2;D;50;50;A3;20;0;no tag;2022;immaturo_23 ;5.5;2;25.5;2;75.5;52;5;5;5;78.5;
2;D;50;50;A3;20;0;no tag;2022;reprodutivo_23;6;2;26;2;76;52;5;5;5;78.5;
2;D;50;50;A3;20;0;no tag;2022;reprodutivo_23;6;1.5;26;1.5;76;51.5;5;5;5;78.5;
2;D;50;50;A3;20;0;no tag;2022;reprodutivo_23;5;6;25;6;75;56;5;5;5;78.5;
2;D;50;50;A5;0;0;no tag;2022;reprodutivo_23;1;3;1;3;51;53;8.1;5;5;78.5;
2;D;50;50;B2;30;10;no tag;2022;reprodutivo_23;6.5;7.5;36.5;17.5;86.5;67.5;34;19.1;12.3;737.6802;
2;D;50;50;B5;0;10;no tag;2022;reprodutivo_23;2;0.5;2;10.5;52;60.5;8.6;5.5;5.5;94.985;
2;D;50;50;B5;0;10;no tag;2022;reprodutivo_23;3;0.5;3;10.5;53;60.5;8.7;5.7;5.9;105.5982;
2;D;50;50;B5;0;10;no tag;2022;reprodutivo_23;3.5;0.5;3.5;10.5;53.5;60.5;12.3;5.5;5.5;94.985;
2;D;50;50;B5;0;10;no tag;2022;reprodutivo_23;8;2;8;12;58;62;8.6;5.5;5.5;94.985;
2;D;50;50;B5;0;10;no tag;2022;reprodutivo_23;8.5;5;8.5;15;58.5;65;11.7;5;5;78.5;
2;D;50;50;D1;40;30;no tag;2022;immaturo_23 ;6;2;46;32;96;82;19.4;5.9;6;111.156;
2;D;50;50;D1;40;30;no tag;2022;immaturo_23 ;7;4;47;34;97;84;5;5;5;78.5;
2;D;50;50;D4;10;30;2044;2022;immaturo_23 ;1;4.5;11;34.5;61;84.5;22.3;22.1;22.1;1533.6074;
2;D;50;50;E3;20;40;no tag;2022;reprodutivo_23;0.5;4;20.5;44;70.5;94;22.5;34.9;39.3;4306.7298;
2;D;50;50;E4;10;40;no tag;2022;immaturo_23 ;2;8;12;48;62;98;8.4;5;5;78.5;
2;D;50;50;E4;10;40;no tag;2022;immaturo_23 ;2;8;12;48;62;98;8.4;5;5;78.5;
2;D;50;50;E4;10;40;no tag;2022;immaturo_23 ;2;8;12;48;62;98;8.4;5;5;78.5;
2;D;50;50;E4;10;40;no tag;2022;immaturo_23 ;2;8;12;48;62;98;8.4;5;5;78.5;
3;A;0;0;D1;10;40;no tag;2022;immaturo_23 ;1.5;6;11.5;46;11.5;46;25.4;20.7;16.8;1091.9664;
3;B;50;0;A5;40;40;2055;2022;immaturo_23 ;6;9;46;49;96;49;18.9;22.1;15.7;1089.4858;
3;B;50;0;E4;30;0;2049;2022;reprodutivo_23;7;1.5;37;1.5;87;1.5;34.2;98.1;85.9;26460.1206;
3;D;50;50;B1;40;10;2056;2022;immaturo_23 ;9;1;49;11;99;61;25.3;29.4;42.6;3932.6616;
3;D;50;50;B3;20;10;no tag;2022;reprodutivo_23;2;5;22;15;72;65;9.8;5;5;78.5;
3;D;50;50;D3;20;30;2057;2022;reprodutivo_23;4.5;2;24.5;32;74.5;82;34.6;28.4;37.4;3335.1824;
3;D;50;50;D4;10;30;no tag;2022;reprodutivo_23;7.5;5;17.5;35;67.5;85;12.7;5;5;78.5;
3;D;50;50;D4;10;30;no tag;2022;reprodutivo_23;8;5;18;35;68;85;22.1;6.6;5.5;113.982;
3;D;50;50;D4;10;30;no tag;2022;reprodutivo_23;8.5;5.5;18.5;35.5;68.5;85.5;13.4;5;5;78.5;
3;D;50;50;D4;10;30;no tag;2022;reprodutivo_23;10;8;20;38;70;88;20.2;6.2;5.7;110.9676;
3;D;50;50;E4;10;40;2059;2022;reprodutivo_23;2;6;12;46;62;96;40.5;42.9;37.1;4997.5926;
3;D;50;50;E5;0;40;2060;2022;reprodutivo_23;5;5;5;45;55;95;32.8;77.8;115.7;28264.5844;
3;A;0;0;A1;40;40;no tag;2023;immaturo_23 ;5;5;45;45;45;45;9.1;5.2;5;81.64;
3;A;0;0;B4;30;10;no tag;2023;immaturo_23 ;9;9.5;39;19.5;39;19.5;6.4;6.8;9.2;196.4384;
3;B;50;0;A5;40;40;no tag;2023;immaturo_23 ;3;5;43;45;93;45;6;5;5;78.5;
3;B;50;0;B1;0;30;no tag;2023;immaturo_23 ;2;5.5;2;35.5;52;35.5;5;5;5;78.5;
3;B;50;0;D5;40;10;no tag;2023;reprodutivo_23;1;5;41;15;91;15;21;11.5;17.7;639.147;
3;B;50;0;E3;20;0;no tag;2023;immaturo_23 ;1.5;3.5;21.5;3.5;71.5;3.5;13.4;7.6;6.8;162.2752;
3;B;50;0;E3;20;0;no tag;2023;immaturo_23 ;2;4;22;4;72;4;10.3;8.7;6.9;188.4942;
3;C;0;50;E1;40;0;no tag;2023;immaturo_23 ;7;8;47;8;47;58;5;5;5;78.5;
3;D;50;50;A3;20;0;no tag;2023;reprodutivo_23;1.5;3.5;21.5;3.5;71.5;53.5;6.8;5;5;78.5;
4;A;0;0;E2;0;30;2098;2022;immaturo_23 ;10;1.5;10;31.5;10;31.5;25.9;44.7;52.5;7368.795;
4;B;50;0;A2;10;40;2076;2022;reprodutivo_23;7.5;8.5;17.5;48.5;67.5;48.5;22.4;19.9;23.1;1443.4266;
4;B;50;0;A4;30;40;2071;2022;reprodutivo_23;8;0.5;38;40.5;88;40.5;22.9;18.1;28.7;1631.1358;
4;B;50;0;A4;30;40;2072;2022;reprodutivo_23;4.5;3;34.5;43;84.5;43;17.8;36.9;32.4;3754.0584;
4;B;50;0;A5;40;40;no tag;2022;immaturo_23 ;1.5;8;41.5;48;91.5;48;13.9;8.2;6.9;177.6612;
4;B;50;0;B2;10;30;2070;2022;reprodutivo_23;4.5;9;14.5;39;64.5;39;16.6;23.5;23.2;1711.928;
4;B;50;0;C5;40;20;2074;2022;reprodutivo_23;5.5;7.5;45.5;27.5;95.5;27.5;19;18.9;15.2;902.0592;
4;C;0;50;A1;0;0;2082;2022;reprodutivo_23;4;8;4;8;4;58;16.6;8.6;7.4;199.8296;
4;C;0;50;A2;0;10;2083;2022;immaturo_23 ;2;4;2;14;2;64;14.6;21.9;31.7;2179.8822;
4;C;0;50;A3;0;20;no tag;2022;immaturo_23 ;5.5;6;5.5;26;5.5;76;9.2;5.2;5;81.64;
4;C;0;50;C3;20;20;2078;2022;reprodutivo_23;9.5;1.5;29.5;21.5;29.5;71.5;8.4;8.1;9.7;246.7098;
4;C;0;50;E3;40;20;2077;2022;immaturo_23 ;8;1;48;21;48;71;12.9;5;8.8;138.16;
4;D;50;50;A1;40;0;no tag;2022;immaturo_23 ;3;3;43;3;93;53;7.1;5;5;78.5;
4;D;50;50;A4;10;0;2092;2022;reprodutivo_23;5;5;15;5;65;55;14.5;37.2;42;4905.936;
4;D;50;50;C3;20;20;2087;2022;reprodutivo_23;10;9;30;29;80;79;30.5;41.8;41;5381.332;
4;D;50;50;D1;40;30;2085;2022;reprodutivo_23;6.5;7;46.5;37;96.5;87;32.4;37.6;40.3;4757.9792;
4;D;50;50;D3;20;30;2086;2022;reprodutivo_23;5;7.5;25;37.5;75;87.5;48.8;112.4;121.6;42917.0176;
4;D;50;50;E1;40;40;2084;2022;reprodutivo_23;0;3;40;43;90;93;31;40.1;70;8813.98;
4;D;50;50;E1;40;40;no tag;2022;immaturo_23 ;3;0.5;43;40.5;93;90.5;9.6;5;5;78.5;
4;D;50;50;E1;40;40;no tag;2022;immaturo_23 ;3;0.5;43;40.5;93;90.5;9.6;5;5;78.5;
4;D;50;50;E1;40;40;no tag;2022;immaturo_23 ;3;0.5;43;40.5;93;90.5;9.6;5;5;78.5;
4;D;50;50;E1;40;40;no tag;2022;immaturo_23 ;3;0.5;43;40.5;93;90.5;9.6;5;5;78.5;
4;D;50;50;E1;40;40;no tag;2022;immaturo_23 ;3;0.5;43;40.5;93;90.5;9.6;5;5;78.5;
4;D;50;50;E1;40;40;no tag;2022;immaturo_23 ;4.5;2;44.5;42;94.5;92;6.8;5;5;78.5;
4;D;50;50;E1;40;40;no tag;2022;immaturo_23 ;4.5;2;44.5;42;94.5;92;5;5;5;78.5;
4;D;50;50;E1;40;40;no tag;2022;reprodutivo_23;4.5;2;44.5;42;94.5;92;14.2;7.1;7.2;160.5168;
4;D;50;50;E4;10;40;no tag;2022;immaturo_23 ;3;7;13;47;63;97;5;5;5;78.5;
4;D;50;50;E5;0;40;no tag;2022;reprodutivo_23;9;7.5;9;47.5;59;97.5;8;5;5;78.5;
4;D;50;50;E5;0;40;2088;2022;reprodutivo_23;8;5;8;45;58;95;32.9;32.4;51.9;5280.0984;
4;B;50;0;A2;10;40;no tag;2023;immaturo_23 ;7;9.5;17;49.5;67;49.5;5;5;5;78.5;
4;B;50;0;A2;10;40;no tag;2023;immaturo_23 ;7;9.5;17;49.5;67;49.5;5;5;5;78.5;
4;B;50;0;A5;40;40;no tag;2023;immaturo_23 ;8;2;48;42;98;42;7.8;15.5;12;584.04;
4;D;50;50;B4;10;10;no tag;2023;immaturo_23 ;6;8.5;16;18.5;66;68.5;5;5;5;78.5;
4;D;50;50;E1;40;40;no tag;2023;reprodutivo_23;4.5;2;44.5;42;94.5;92;7.5;5;5;78.5;
4;D;50;50;D4;10;30;no tag;2023;immaturo_23 ;9;9.5;19;39.5;69;89.5;5;5;5;78.5;
4;D;50;50;D4;10;30;no tag;2023;immaturo_23 ;9;9.5;19;39.5;69;89.5;5;5;5;78.5;
4;D;50;50;D4;10;30;no tag;2023;immaturo_23 ;9;9.5;19;39.5;69;89.5;5;5;5;78.5;
5;A;0;0;A3;40;20;2116;2022;reprodutivo_23;8;4;48;24;48;24;526.5;35.5;43.8;4882.386;
5;A;0;0;B1;30;40;no tag;2022;reprodutivo_23;5.5;2;35.5;42;35.5;42;5.5;5;5;78.5;
5;A;0;0;B5;30;0;2110;2022;reprodutivo_23;6;0.5;36;0.5;36;0.5;37;65.7;57.7;11903.3946;
5;A;0;0;B5;30;0;2113/2114;2022;reprodutivo_23;2;5;32;5;32;5;37.5;62;29.1;5665.188;
5;A;0;0;B5;30;0;no tag;2022;reprodutivo_23;9.5;2.5;39.5;2.5;39.5;2.5;18.2;5;5;78.5;
5;A;0;0;C2;20;30;2100;2022;reprodutivo_23;2;8.5;22;38.5;22;38.5;15;11.1;9.1;317.1714;
5;A;0;0;C4;20;10;2109;2022;reprodutivo_23;4;9.5;24;19.5;24;19.5;31;21.5;22.7;1532.477;
5;A;0;0;C5;20;0;2108;2022;reprodutivo_23;8;1;28;1;28;1;43.2;37;73.4;8527.612;
5;B;50;0;B1;0;30;no tag;2022;reprodutivo_23;4;5;4;35;54;35;14.9;10.1;10;317.14;
5;B;50;0;B4;30;30;no tag;2022;immaturo_23 ;4.5;6.5;34.5;36.5;84.5;36.5;5;5;5;78.5;
5;B;50;0;B4;30;30;no tag;2022;immaturo_23 ;4.5;6.5;34.5;36.5;84.5;36.5;5;5;5;78.5;
5;B;50;0;D2;10;10;no tag;2022;reprodutivo_23;1;7;11;17;61;17;15.1;11.1;9.1;317.1714;
5;B;50;0;E1;0;0;2120;2022;reprodutivo_23;6;0.5;6;0.5;56;0.5;36.6;23.3;30;2194.86;
5;C;0;50;A1;0;0;no tag;2022;reprodutivo_23;9;8;9;8;9;58;10.9;7.1;5;111.47;
5;C;0;50;A1;0;0;no tag;2022;reprodutivo_23;9;8;9;8;9;58;10.9;7.1;5;111.47;
5;C;0;50;A1;0;0;no tag;2022;reprodutivo_23;9;8;9;8;9;58;10.9;7.1;5;111.47;
5;C;0;50;A1;0;0;no tag;2022;reprodutivo_23;9;8;9;8;9;58;10.9;7.1;5;111.47;
5;C;0;50;A1;0;0;no tag;2022;reprodutivo_23;9;8;9;8;9;58;10.9;7.1;5;111.47;
5;C;0;50;A1;0;0;no tag;2022;reprodutivo_23;9;8;9;8;9;58;10.9;7.1;5;111.47;
5;C;0;50;A1;0;0;no tag;2022;reprodutivo_23;7;8;7;8;7;58;10.1;7;5;109.9;
5;C;0;50;A2;0;10;2129;2022;reprodutivo_23;7;10;7;20;7;70;47;64.7;79.5;16151.061;
5;C;0;50;A4;0;30;no tag;2022;reprodutivo_23;9;6;9;36;9;86;9.3;5;5;78.5;
5;C;0;50;A4;0;30;no tag;2022;reprodutivo_23;8;8;8;38;8;88;10.1;5;5;78.5;
5;C;0;50;C1;20;0;2128;2022;reprodutivo_23;8;1;28;1;28;51;10.9;17.5;11.8;648.41;
5;C;0;50;C1;20;0;no tag;2022;reprodutivo_23;6.5;4.5;26.5;4.5;26.5;54.5;7.4;5;5;78.5;
5;C;0;50;C1;20;0;no tag;2022;immaturo_23 ;6.5;4.5;26.5;4.5;26.5;54.5;9.2;5.5;7;120.89;
5;C;0;50;C2;20;10;no tag;2022;reprodutivo_23;9;2;29;12;29;62;15.8;14;16.8;738.528;
5;C;0;50;C3;20;20;no tag;2022;immaturo_23 ;7;10;27;30;27;80;5;5;5;78.5;
5;C;0;50;C4;20;30;2126;2022;reprodutivo_23;9;9;29;39;29;89;16.1;13.6;9.3;397.1472;
5;C;0;50;C4;20;30;no tag;2022;immaturo_23 ;8;1;28;31;28;81;11.4;5.5;5;86.35;
5;C;0;50;C4;20;30;no tag;2022;immaturo_23 ;7;1.5;27;31.5;27;81.5;5.7;5;5;78.5;
5;C;0;50;C5;20;40;2125;2022;reprodutivo_23;6.5;5.5;26.5;45.5;26.5;95.5;40.9;66.8;59.5;12480.244;
5;C;0;50;D1;30;0;no tag;2022;reprodutivo_23;4;1;34;1;34;51;14.8;6.8;8.9;190.0328;
5;C;0;50;D2;30;10;no tag;2022;reprodutivo_23;5.5;5;35.5;15;35.5;65;13.7;5.8;5.7;103.8084;
5;C;0;50;D3;30;20;no tag;2022;reprodutivo_23;7.5;8;37.5;28;37.5;78;20.3;5;5;78.5;
5;C;0;50;D3;30;20;no tag;2022;reprodutivo_23;7.5;8;37.5;28;37.5;78;20.3;5;5;78.5;
5;C;0;50;D3;30;20;no tag;2022;immaturo_23 ;7.5;8;37.5;28;37.5;78;5;5;5;78.5;
5;C;0;50;E1;40;0;no tag;2022;immaturo_23 ;3;5;43;5;43;55;13.9;5;5;78.5;
5;C;0;50;E3;40;20;no tag;2022;reprodutivo_23;3;4.5;43;24.5;43;74.5;17.6;7.3;6.5;148.993;
5;C;0;50;E5;40;40;no tag;2022;immaturo_23 ;1.4;4.5;41.4;44.5;41.4;94.5;13.9;5.8;8.5;154.802;
5;C;0;50;E5;40;40;no tag;2022;immaturo_23 ;3;6;43;46;43;96;13;5;5;78.5;
5;D;50;50;A1;40;0;no tag;2022;reprodutivo_23;1.5;3;41.5;3;91.5;53;14.8;5;5;78.5;
5;D;50;50;A1;40;0;no tag;2022;reprodutivo_23;1.5;3;41.5;3;91.5;53;14.8;5;5;78.5;
5;D;50;50;A1;40;0;no tag;2022;immaturo_23 ;1.5;3;41.5;3;91.5;53;5;5;5;78.5;
5;D;50;50;C1;40;20;2136;2022;reprodutivo_23;5.5;2;45.5;22;95.5;72;24.2;21.7;20.4;1390.0152;
5;D;50;50;C3;20;20;no tag;2022;reprodutivo_23;6;6.5;26;26.5;76;76.5;31.6;16.3;14.7;752.3754;
5;D;50;50;D3;20;30;2134;2022;reprodutivo_23;5;5.5;25;35.5;75;85.5;65.2;89.3;89.8;25180.0996;
5;A;0;0;B4;30;10;no tag;2023;reprodutivo_23;2;2.5;32;12.5;32;12.5;16;9.7;10.1;307.6258;
5;A;0;0;E3;0;20;no tag;2023;immaturo_23 ;4;1;4;21;4;21;5;5;5;78.5;
5;A;0;0;E3;0;20;no tag;2023;immaturo_23 ;5.5;1;5.5;21;5.5;21;5;5;5;78.5;
5;B;50;0;A1;0;40;no tag;2023;immaturo_23 ;7.5;5;7.5;45;57.5;45;5;5;5;78.5;
5;B;50;0;A5;40;40;no tag;2023;immaturo_23 ;0.5;8;40.5;48;90.5;48;5;5;5;78.5;
5;B;50;0;D3;10;20;no tag;2023;immaturo_23 ;3;8;13;28;63;28;5;5;5;78.5;
5;B;50;0;D5;10;40;no tag;2023;immaturo_23 ;3;3;13;43;63;43;5;5;5;78.5;
5;B;50;0;E5;0;40;no tag;2023;immaturo_23 ;0.5;5;0.5;45;50.5;45;5;5;5;78.5;
5;C;0;50;A2;0;10;no tag;2023;reprodutivo_23;7;3.5;7;13.5;7;63.5;11;5;5;78.5;
5;C;0;50;C2;20;10;no tag;2023;immaturo_23 ;6.5;3.5;26.5;13.5;26.5;63.5;5;5;5;78.5;
5;C;0;50;C5;20;40;no tag;2023;reprodutivo_23;2.5;6;22.5;46;22.5;96;13.8;12.7;15.9;634.0602;
5;C;0;50;D2;30;10;no tag;2023;immaturo_23 ;3;3;33;13;33;63;5;5;5;78.5;
5;C;0;50;D2;30;10;no tag;2023;immaturo_23 ;4;9.5;34;19.5;34;69.5;5;5;5;78.5;
5;C;0;50;E3;40;20;no tag;2023;immaturo_23 ;2;9;42;29;42;79;5;5;5;78.5;
5;C;0;50;E3;40;20;no tag;2023;reprodutivo_23;10;3;50;23;50;73;15;5;5;78.5;
5;C;0;50;E3;40;20;no tag;2023;reprodutivo_23;10;3.5;50;23.5;50;73.5;15;5;5;78.5;
5;D;50;50;B2;30;10;no tag;2023;immaturo_23 ;5.5;6.5;35.5;16.5;85.5;66.5;5;5;5;78.5;
5;D;50;50;C2;30;20;no tag;2023;immaturo_23 ;5.5;6.5;35.5;26.5;85.5;76.5;15.2;5.5;5;86.35;
5;D;50;50;E1;40;40;no tag;2023;reprodutivo_23;4;1.5;44;41.5;94;91.5;6;5;5;78.5;
5;D;50;50;E1;40;40;no tag;2023;immaturo_23 ;1;7.5;41;47.5;91;97.5;5;5;5;78.5;
6;A;0;0;B2;30;30;no tag;2022;immaturo_23 ;9.5;0.5;39.5;30.5;39.5;30.5;13.5;11.3;9.3;329.9826;
6;A;0;0;D4;10;10;no tag;2022;immaturo_23 ;1;3;11;13;11;13;12.2;5;5;78.5;
6;A;0;0;D4;10;10;no tag;2022;immaturo_23 ;3;9.8;13;19.8;13;19.8;13.8;5;5;78.5;
6;A;0;0;D4;10;10;no tag;2022;immaturo_23 ;3;9.8;13;19.8;13;19.8;13.8;5;5;78.5;
6;A;0;0;E3;0;20;no tag;2022;reprodutivo_23;4;6;4;26;4;26;20.6;20.7;19.8;1286.9604;
6;B;50;0;A5;40;40;2145;2022;reprodutivo_23;8.5;4;48.5;44;98.5;44;28.7;22.7;19.7;1404.1766;
6;B;50;0;C4;30;20;no tag;2022;immaturo_23 ;1;8;31;28;81;28;26.2;21.4;19.3;1296.8828;
6;C;0;50;B4;10;30;2150;2022;reprodutivo_23;5;10;15;40;15;90;35.8;44.2;50;6939.4;
6;C;0;50;B5;10;40;no tag;2022;immaturo_23 ;9;2;19;42;19;92;19.2;5;5;78.5;
6;C;0;50;C1;20;0;no tag;2022;immaturo_23 ;5.5;4;25.5;4;25.5;54;7.2;8.28;6.9;179.39448;
6;C;0;50;E3;40;20;no tag;2022;reprodutivo_23;10;3;50;23;50;73;21.6;16.2;15.4;783.3672;
6;D;50;50;C2;30;20;2152;2022;reprodutivo_23;7;8.5;37;28.5;87;78.5;24.2;53.2;51.2;8552.8576;
6;D;50;50;C2;30;20;2153;2022;reprodutivo_23;1.5;4.5;31.5;24.5;81.5;74.5;21.6;32.4;35.1;3570.9336;
6;D;50;50;E3;20;40;no tag;2022;immaturo_23 ;4.5;7.5;24.5;47.5;74.5;97.5;25.8;37.5;30.1;3544.275;
6;D;50;50;E3;20;40;no tag;2022;immaturo_23 ;6.5;6;26.5;46;76.5;96;14.3;13.6;13.3;567.9632;
6;D;50;50;E3;20;40;no tag;2022;immaturo_23 ;9.5;5;29.5;45;79.5;95;18.1;19.4;17.5;1066.03;
6;D;50;50;E4;10;40;no tag;2022;immaturo_23 ;1;4.5;11;44.5;61;94.5;10.9;7.7;8;193.424;
6;D;50;50;E4;10;40;no tag;2022;immaturo_23 ;5;3.5;15;43.5;65;93.5;9.79;5;5;78.5;
6;D;50;50;E5;0;40;no tag;2022;immaturo_23 ;8;6.5;8;46.5;58;96.5;7.25;5;5;78.5;
6;D;50;50;E5;0;40;no tag;2022;immaturo_23 ;8;6.5;8;46.5;58;96.5;7.25;5;5;78.5;
6;D;50;50;E5;0;40;no tag;2022;immaturo_23 ;9.5;8.5;9.5;48.5;59.5;98.5;7.5;5;5;78.5;
6;D;50;50;E5;0;40;no tag;2022;immaturo_23 ;9.5;8.5;9.5;48.5;59.5;98.5;7.5;5;5;78.5;
6;D;50;50;E5;0;40;no tag;2022;immaturo_23 ;9.5;8.5;9.5;48.5;59.5;98.5;14.3;5;5;78.5;
6;D;50;50;E5;0;40;no tag;2023;immaturo_23 ;9.5;8.5;9.5;48.5;59.5;98.5;19.8;11;7.9;272.866;
7;A;0;0;B2;30;30;2159;2022;reprodutivo_23;8;7.5;38;37.5;38;37.5;26.7;11.4;10.9;390.1764;
7;A;0;0;D3;10;20;no tag;2022;reprodutivo_23;2;3.5;12;23.5;12;23.5;31.3;16.9;15.7;578.4194;
7;A;0;0;D3;10;20;no tag;2022;immaturo_23 ;8.5;1.5;18.5;21.5;18.5;21.5;22.4;5.7;5;280.9986;
7;A;0;0;E2;0;30;no tag;2022;immaturo_23 ;4;10;4;40;4;40;na;na;na;na;
7;A;0;0;E3;0;20;2155;2022;reprodutivo_23;3.5;8.5;3.5;28.5;3.5;28.5;44.4;24.4;21.4;1639.5824;
7;A;0;0;E4;0;10;2156;2022;reprodutivo_23;7;3;7;13;7;13;25.3;28.3;22.4;1990.5088;
7;B;50;0;A1;0;40;no tag;2022;immaturo_23 ;10;9;10;49;60;49;8.7;5;5;78.5;
7;B;50;0;A2;10;40;no tag;2022;immaturo_23 ;2.5;1.5;12.5;41.5;62.5;41.5;11.4;5;5;78.5;
7;B;50;0;A2;10;40;no tag;2022;immaturo_23 ;0.5;5.5;10.5;45.5;60.5;45.5;5;5;5;78.5;
7;B;50;0;A3;20;40;2167;2022;reprodutivo_23;7.5;6;27.5;46;77.5;46;31.7;33.75;28.9;3062.6775;
7;B;50;0;B3;20;30;2165;2022;reprodutivo_23;6;8;26;38;76;38;34.3;18.5;20.4;1185.036;
7;B;50;0;C1;0;20;no tag;2022;immaturo_23 ;8;7.5;8;27.5;58;27.5;13.9;6.3;6.1;120.6702;
7;B;50;0;E1;0;0;2163;2022;reprodutivo_23;4.5;8.5;4.5;8.5;54.5;8.5;23.9;24.7;16.6;1287.4628;
7;B;50;0;E5;40;0;2164;2022;reprodutivo_23;2.5;2.5;42.5;2.5;92.5;2.5;19.8;10.2;18.3;586.1124;
7;C;0;50;A1;0;0;2173;2022;reprodutivo_23;1;9.5;1;9.5;1;59.5;36.2;24.1;32.4;2451.8376;
7;C;0;50;A2;0;30;2172;2022;reprodutivo_23;0;8;0;38;0;88;48.9;46.02;39.3;5678.96004;
7;C;0;50;A2;0;30;no tag;2022;immaturo_23 ;4;2;4;32;4;82;11.8;5;5;78.5;
7;C;0;50;A3;0;20;2171;2022;reprodutivo_23;0;4.5;0;24.5;0;74.5;22.4;12.8;18.4;739.5328;
7;C;0;50;C5;20;40;2169;2022;reprodutivo_23;3;3;23;43;23;93;23.1;22.3;16.8;1176.3696;
7;D;50;50;A1;40;0;2175;2022;reprodutivo_23;5;0;45;0;95;50;49.3;45.4;47.3;6742.8988;
7;D;50;50;A3;20;0;no tag;2022;immaturo_23 ;6;9;26;9;76;59;22.3;11.7;8.9;326.9682;
7;D;50;50;B4;10;10;no tag;2022;reprodutivo_23;0.5;5;10.5;15;60.5;65;13.9;13.2;11.6;480.7968;
8;A;0;0;A1;40;40;no tag;2022;immaturo_23 ;10;1;50;41;50;41;11.3;5;5;78.5;
8;A;0;0;D3;10;20;2178;2022;reprodutivo_23;7;0.5;17;20.5;17;20.5;37.8;63.4;59.2;11785.2992;
8;A;0;0;E2;0;30;2183;2022;reprodutivo_23;10;0.5;10;30.5;10;30.5;31.9;64.4;58.8;11890.3008;
8;B;50;0;B5;40;30;2185;2022;reprodutivo_23;5.5;7.5;45.5;37.5;95.5;37.5;42.7;108.6;16.8;5728.8672;
8;B;50;0;C3;20;20;2186;2022;reprodutivo_23;10;7;30;27;80;27;38.3;96.1;75.1;22661.7254;
8;B;50;0;D1;0;10;2187;2022;reprodutivo_23;9;6;9;16;59;16;15.21;15.6;18.1;886.6104;
8;B;50;0;D3;20;10;no tag;2022;immaturo_23 ;0;2;20;12;70;12;11.2;5;5;78.5;
8;B;50;0;D3;20;10;no tag;2022;immaturo_23 ;0;2;20;12;70;12;11.2;5;5;78.5;
9;A;0;0;A5;40;0;no tag;2022;immaturo_23 ;1;1.5;41;1.5;41;1.5;6.4;5;5;78.5;
9;A;0;0;B5;30;0;no tag;2022;reprodutivo_23;6.5;3;36.5;3;36.5;3;11.7;5;5;78.5;
9;A;0;0;C1;20;40;no tag;2022;reprodutivo_23;1.5;1.5;21.5;41.5;21.5;41.5;11.3;5;5;78.5;
9;A;0;0;C2;20;30;2193;2022;reprodutivo_23;7.5;4.5;27.5;34.5;27.5;34.5;26.3;33.17;23.9;2489.27582;
9;A;0;0;C4;20;10;2191;2022;immaturo_23 ;9;2.5;29;12.5;29;12.5;1.5;8.8;8.1;223.8192;
9;A;0;0;C4;20;10;no tag;2022;immaturo_23 ;3;2.5;23;12.5;23;12.5;11.5;5;5;78.5;
9;A;0;0;C4;20;10;no tag;2022;immaturo_23 ;3;2.5;23;12.5;23;12.5;9;5;5;78.5;
9;A;0;0;D2;10;30;no tag;2022;reprodutivo_23;2;5;12;35;12;35;11.5;5;5;78.5;
9;A;0;0;E3;0;20;no tag;2022;reprodutivo_23;3;5;3;25;3;25;13.11;15;17.7;833.67;
9;B;50;0;B1;0;30;2200;2022;reprodutivo_23;2;2.5;2;32.5;52;32.5;23.3;30.1;34.6;3270.1844;
9;B;50;0;B1;0;30;no tag;2022;immaturo_23 ;3;8.5;3;38.5;53;38.5;12.5;5;5;78.5;
9;B;50;0;B2;10;30;no tag;2022;immaturo_23 ;1;1.5;11;31.5;61;31.5;8.4;5;5;78.5;
9;B;50;0;B2;10;30;no tag;2022;immaturo_23 ;3;8;13;38;63;38;9.2;5;5;78.5;
9;B;50;0;B2;10;30;no tag;2022;reprodutivo_23;2.5;4.5;12.5;34.5;62.5;34.5;14.3;30.2;21.7;2057.7676;
9;B;50;0;C2;10;20;2202;2022;reprodutivo_23;9.5;0.5;19.5;20.5;69.5;20.5;44.8;68.3;71.5;15334.033;
9;B;50;0;D2;10;10;no tag;2022;reprodutivo_23;1.5;4;11.5;14;61.5;14;28.1;21.8;17.1;1170.5292;
9;C;0;50;A2;0;10;no tag;2022;immaturo_23 ;0;8.5;0;18.5;0;68.5;5.9;5;5;78.5;
9;C;0;50;A3;0;20;no tag;2022;immaturo_23 ;1;3;1;23;1;73;8.9;5;5;78.5;
9;C;0;50;A3;0;20;no tag;2022;immaturo_23 ;1.5;4.5;1.5;24.5;1.5;74.5;6.5;5;5;78.5;
9;C;0;50;A3;0;20;no tag;2022;immaturo_23 ;8;7.5;8;27.5;8;77.5;12.3;6.9;7.6;164.6616;
9;C;0;50;B1;10;0;2208;2022;reprodutivo_23;10;6;20;6;20;56;32.8;53.7;58.9;9931.6002;
9;C;0;50;C1;20;0;no tag;2022;immaturo_23 ;3;1;23;1;23;51;6.8;5;5;78.5;
9;C;0;50;D1;30;0;2203;2022;immaturo_23 ;8.5;8.5;38.5;8.5;38.5;58.5;35.8;64.1;69.6;14008.6704;
9;C;0;50;D2;30;10;no tag;2022;reprodutivo_23;4;4;34;14;34;64;22.2;29.6;26.35;2449.0744;
9;C;0;50;D2;30;10;no tag;2022;reprodutivo_23;8;6.5;38;16.5;38;66.5;27.6;19;22.9;1366.214;
9;C;0;50;D2;30;10;no tag;2022;reprodutivo_23;4;2;34;12;34;62;20.9;12.3;7.9;305.1138;
9;C;0;50;D5;30;40;2206;2022;reprodutivo_23;5.5;10;35.5;50;35.5;100;34.7;33.7;35.6;3767.1208;
9;C;0;50;E1;40;0;no tag;2022;immaturo_23 ;7;4.5;47;4.5;47;54.5;3.1;5;5;78.5;
9;C;0;50;E1;40;0;no tag;2022;immaturo_23 ;6.5;7;46.5;7;46.5;57;6.3;5;5;78.5;
9;C;0;50;E2 ;40;10;2204;2022;reprodutivo_23;4;4.5;44;14.5;44;64.5;32.4;31.6;27;2679.048;
9;C;0;50;E2;40;10;no tag;2022;immaturo_23 ;10;4;50;14;50;64;12.6;5;5;78.5;
9;C;0;50;E2;40;10;2205;2022;immaturo_23 ;10;6.5;50;16.5;50;66.5;17.3;48.9;24.9;3823.2954;
9;D;50;50;A1;40;0;2214;2022;immaturo_23 ;9;9;49;9;99;59;18.7;22.6;28.9;2050.8596;
9;D;50;50;A2;30;0;2218;2022;reprodutivo_23;5;1;35;1;85;51;27.5;40.9;49.7;6382.7722;
9;D;50;50;A2;30;0;2217;2022;reprodutivo_23;8;6.5;38;6.5;88;56.5;28.5;39.7;47.3;5896.3234;
9;D;50;50;A3;20;0;no tag;2022;immaturo_23 ;9;9;29;9;79;59;13.6;7.7;6.7;161.9926;
9;D;50;50;A3;20;0;2215;2022;reprodutivo_23;1;9.5;21;9.5;71;59.5;28.6;39.1;25.4;3118.4596;
9;D;50;50;A3;20;0;2216;2022;reprodutivo_23;7;4.5;27;4.5;77;54.5;33.3;30.1;42.7;4035.7478;
9;D;50;50;B1;40;10;no tag;2022;reprodutivo_23;3;1;43;11;93;61;15.9;5;5;78.5;
9;D;50;50;B1;40;10;no tag;2022;immaturo_23 ;4;4;44;14;94;64;5.1;5;5;78.5;
9;D;50;50;B1;40;10;no tag;2022;immaturo_23 ;5;4.5;45;14.5;95;64.5;7.4;5;5;78.5;
9;D;50;50;B2;30;10;2225;2022;immaturo_23 ;4.5;6;34.5;16;84.5;66;15.9;16.1;17;859.418;
9;D;50;50;B3;20;10;2223;2022;reprodutivo_23;2;1;22;11;72;61;8.6;5;5;78.5;
9;D;50;50;B3;20;10;no tag;2022;immaturo_23 ;2.5;9.5;22.5;19.5;72.5;69.5;6;5;5;78.5;
9;D;50;50;B3;20;10;no tag;2022;immaturo_23 ;2.5;9.5;22.5;19.5;72.5;69.5;6;5;5;78.5;
9;D;50;50;D2;30;30;2211;2022;immaturo_23 ;1.5;8;31.5;38;81.5;88;7.4;5;5;78.5;
9;D;50;50;D2;30;30;2222;2022;immaturo_23 ;8;6;38;36;88;86;19.1;18.7;25.1;1473.8218;
9;D;50;50;D4;10;30;2224;2022;reprodutivo_23;5;6;15;36;65;86;25.5;22.9;23.3;1675.4098;
9;D;50;50;E2;30;40;2221;2022;immaturo_23 ;5;8;35;48;85;98;11.3;9.3;8.9;259.8978;
9;D;50;50;E3 ;20;40;2210;2022;immaturo_23 ;4;4.5;24;44.5;74;94.5;20.2;16;16.6;833.984;
9;D;50;50;E3;20;40;2212;2022;reprodutivo_23;10;4;30;44;80;94;18.6;15;13.3;626.43;
9;D;50;50;E3 ;20;40;no tag;2022;reprodutivo_23;4.5;2;24.5;42;74.5;92;16.7;11.1;11.1;386.8794;
9;D;50;50;E5;0;40;2213;2022;reprodutivo_23;10;2;10;42;60;92;29.4;38.3;41.6;5002.8992;
10;A;0;0;A2;40;30;no tag;2022;immaturo_23 ;3.5;4.5;43.5;34.5;43.5;34.5;13.2;11.2;12.3;432.5664;
10;A;0;0;B5;30;0;no tag;2022;immaturo_23 ;4;5;34;5;34;5;12.9;13.9;11.7;510.6582;
10;A;0;0;D1;10;40;no tag;2022;immaturo_23 ;3;4;13;44;13;44;7.1;5;5;78.5;
10;B;50;0;D1;0;10;2226;2022;reprodutivo_23;6;5;6;15;56;15;27;15.2;11.4;544.0992;
10;B;50;0;D1;0;10;2227;2022;reprodutivo_23;5.5;7;5.5;17;55.5;17;18.8;26.1;18.4;1507.9536;
10;C;0;50;B1;10;0;2229;2022;reprodutivo_23;8;0;18;0;18;50;23.6;16;23.7;1190.688;
10;C;0;50;C1;20;0;no tag;2022;immaturo_23 ;1.5;8;21.5;8;21.5;58;9.3;12.9;12.4;502.2744;
10;C;0;50;D2;30;10;2231;2022;immaturo_23 ;1.5;7.5;31.5;17.5;31.5;67.5;12.4;5;5;78.5;
10;D;50;50;E5 ;0;40;2237;2022;reprodutivo_23;3;6;3;46;53;96;31.8;52;24.7;4033.016;
10;D;50;50;D5;0;30;2236;2022;reprodutivo_23;5.5;10.5;5.5;40.5;55.5;90.5;38.1;50.7;47.5;7561.905;
10;D;50;50;D5;0;30;2235;2022;immaturo_23 ;6;10;6;40;56;90;30.2;24.2;26.9;2044.0772;
6;A;0;0;D4;10;10;no tag;2023;immaturo_23 ;5.5;8;15.5;18;15.5;18;5;5;5;78.5;
6;A;0;0;E4;0;10;no tag;2023;immaturo_23 ;10;4;10;14;10;14;8.7;5;5;78.5;
6;B;50;0;D3;20;10;no tag;2023;immaturo_23 ;1;6.5;21;16.5;71;16.5;6.1;5;5;78.5;
6;D;50;50;C2;30;20;no tag;2023;reprodutivo_23;4;4;34;24;84;74;14.3;5;5;78.5;
6;D;50;50;C2;30;20;no tag;2023;reprodutivo_23;4;4;34;24;84;74;14.3;5;5;78.5;
6;D;50;50;C3;20;20;no tag;2023;immaturo_23 ;7.5;7;27.5;27;77.5;77;6.8;5;5;78.5;
6;D;50;50;C3;20;20;no tag;2023;immaturo_23 ;9.5;7.5;29.5;27.5;79.5;77.5;9;5;5;78.5;
6;D;50;50;D4;10;30;no tag;2023;immaturo_23 ;5;4;15;34;65;84;6.7;6.5;10.5;214.305;
6;D;50;50;E4;10;40;no tag;2023;immaturo_23 ;3;3.5;13;43.5;63;93.5;7.7;5;5;78.5;
6;D;50;50;E5;0;40;no tag;2023;immaturo_23 ;7;0;7;40;57;90;4.4;5;5;78.5;
6;D;50;50;E5;0;40;no tag;2023;immaturo_23 ;7;2;7;42;57;92;5.5;5;5;78.5;
6;D;50;50;E5;0;40;no tag;2023;immaturo_23 ;8.5;2;8.5;42;58.5;92;10.9;5;5;78.5;
6;D;50;50;E5;0;40;no tag;2023;immaturo_23 ;9;9.5;9;49.5;59;99.5;16.9;6.8;9.1;194.3032;
7;A;0;0;A3;40;20;no tag;2023;immaturo_23 ;9;7;49;27;49;27;13.8;5;6.1;95.77;
7;A;0;0;C1;20;40;no tag;2023;immaturo_23 ;2.5;8;22.5;48;22.5;48;12.2;5;5;78.5;
7;A;0;0;D4;10;10;no tag;2023;immaturo_23 ;8;9;18;19;18;19;18.8;5;5;78.5;
7;A;0;0;E2;0;30;no tag;2023;immaturo_23 ;6;7.5;6;37.5;6;37.5;14.3;5;5;78.5;
7;C;0;50;C2;30;10;no tag;2023;immaturo_23 ;1.5;6.5;31.5;16.5;31.5;66.5;11.5;5;5;78.5;
7;D;50;50;E4;40;30;no tag;2023;immaturo_23 ;4;2;44;32;94;82;7.8;5;5;78.5;
7;D;50;50;E4;40;30;no tag;2023;immaturo_23 ;2.5;6;42.5;36;92.5;86;6.1;5;5;78.5;
7;D;50;50;E4;40;30;no tag;2023;immaturo_23 ;7.5;6.5;47.5;36.5;97.5;86.5;5.9;5;5;78.5;
8;A;0;0;D2;10;30;no tag;2023;immaturo_23 ;9.5;6;19.5;36;19.5;36;11.3;5;5;78.5;
8;B;50;0;B3;30;20;no tag;2023;immaturo_23 ;6;2;36;22;86;22;6.7;5;5;78.5;
9;A;0;0;C4;20;10;no tag;2023;immaturo_23 ;1;7;21;17;21;17;4.4;5;5;78.5;
9;B;50;0;D2;30;10;no tag;2023;immaturo_23 ;8.5;0;38.5;10;88.5;10;13.1;5;5;78.5;
9;B;50;0;D2;30;10;no tag;2023;immaturo_23 ;4;6;34;16;84;16;9;5;5;78.5;
9;B;50;0;D3;30;10;no tag;2023;immaturo_23 ;6;2.5;36;12.5;86;12.5;14.8;5;5;78.5;
9;B;50;0;A4;30;40;no tag;2023;immaturo_23 ;8;3;38;43;88;43;6.9;5;5;78.5;
9;D;50;50;B1;40;10;no tag;2023;immaturo_23 ;9;1;49;11;99;61;16.9;7.7;7.5;181.335;
9;D;50;50;B2;30;10;no tag;2023;immaturo_23 ;1.5;3.5;31.5;13.5;81.5;63.5;8.6;5;5;78.5;
9;D;50;50;E3;20;40;no tag;2023;immaturo_23 ;7;6;27;46;77;96;4.4;5;5;78.5;
9;D;50;50;E3;20;40;no tag;2023;immaturo_23 ;7;6;27;46;77;96;4.4;5;5;78.5;
1;B;50;0;A5;40;40;No tag;2024;new;4;4.5;44;44.5;94;44.5;5;5;5;78.5;Jovem
1;B;50;0;A5;40;40;no tag;2024;new;4;5.5;44;45.5;94;45.5;5;5;5;78.5;Jovem
1;B;50;0;A5;40;40;no tag;2024;new;4.5;6;44.5;46;94.5;46;5;5;5;78.5;Jovem
1;D;50;50;D5;40;10;no tag;2024;new;8;6;48;16;98;66;17;5;5;78.5;Jovem
2;A;0;0;A1;40;40;2876;2024;new;6;8;46;48;46;48;25;20;25;1570;Reprodutivo
2;A;0;0;E1;0;40;No tag;2024;new;2;5;2;45;2;45;5;5;5;78.5;Jovem
2;A;0;0;E1;0;40;no tag;2024;new;4;6;4;46;4;46;5;5;5;78.5;Jovem
2;A;0;0;E1;0;40;no tag;2024;new;3;7.5;3;47.5;3;47.5;5;5;5;78.5;Jovem
2;A;0;0;E1;0;40;no tag;2024;new;3;7.5;3;47.5;3;47.5;5;5;5;78.5;Jovem
2;A;0;0;E1;0;40;no tag;2024;new;4;9;4;49;4;49;5;5;5;78.5;Jovem
2;A;0;0;B5;30;0;no tag;2024;new;3;2;33;2;33;2;5;5;5;78.5;Reprodutivo
2;A;0;0;A5;40;0;No tag;2024;new;3;5;43;5;43;5;5;5;5;78.5;Jovem
2;A;0;0;A4;40;10;No tag;2024;new;3.5;0.5;43.5;10.5;43.5;10.5;5;5;5;78.5;Reprodutivo
2;A;0;0;A3;40;20;no tag;2024;new;3;1;43;21;43;21;5;5;5;78.5;Jovem
2;A;0;0;A3;40;20;no tag;2024;new;2;6;42;26;42;26;5;5;5;78.5;Jovem
2;A;0;0;A2;40;30;no tag;2024;new;2;5.5;42;35.5;42;35.5;5;5;5;78.5;Jovem
2;A;0;0;A2;40;30;no tag;2024;new;2;5.5;42;35.5;42;35.5;5;5;5;78.5;Jovem
2;A;0;0;A2;40;30;no tag;2024;new;2;5.5;42;35.5;42;35.5;5;5;5;78.5;Jovem
2;A;0;0;A2;40;30;no tag;2024;new;4;7;44;37;44;37;5;5;5;78.5;Jovem
2;A;0;0;A2;40;30;no tag;2024;new;3;8;43;38;43;38;5;5;5;78.5;Jovem
2;A;0;0;B1;30;40;no tag;2024;new;2;3.5;32;43.5;32;43.5;5;5;5;78.5;Jovem
2;A;0;0;B1;30;40;no tag;2024;new;3.5;7;33.5;47;33.5;47;5;5;5;78.5;Jovem
2;A;0;0;B2;30;30;no tag;2024;new;5.5;1;35.5;31;35.5;31;5;5;5;78.5;Jovem
2;A;0;0;B2;30;30;no tag;2024;new;8;3;38;33;38;33;5;12;13;489.84;Reprodutivo
2;A;0;0;B2;30;30;no tag;2024;new;6;3;36;33;36;33;5;5;5;78.5;Jovem
2;A;0;0;B2;30;30;no tag;2024;new;6;5;36;35;36;35;5;5;10;157;Reprodutivo
2;A;0;0;B2;30;30;no tag;2024;new;3;7.5;33;37.5;33;37.5;5;5;10;157;Jovem
2;A;0;0;C1;20;40;no tag;2024;new;8.5;0.5;28.5;40.5;28.5;40.5;5;5;5;78.5;Jovem
2;A;0;0;C1;20;40;no tag;2024;new;3;1;23;41;23;41;5;5;5;78.5;Jovem
2;A;0;0;C1;20;40;no tag;2024;new;5;7.5;25;47.5;25;47.5;5;5;5;78.5;Jovem
2;A;0;0;C2;20;30;no tag;2024;new;4.5;3.5;24.5;33.5;24.5;33.5;5;5;5;78.5;Jovem
2;A;0;0;C2;20;30;no tag;2024;new;0.5;4;20.5;34;20.5;34;5;5;5;78.5;Jovem
2;A;0;0;C2;20;30;no tag;2024;new;5;7.5;25;37.5;25;37.5;5;5;5;78.5;Jovem
2;A;0;0;C2;20;30;no tag;2024;new;9;7.5;29;37.5;29;37.5;5;5;5;78.5;Jovem
2;A;0;0;C3;20;20;no tag;2024;new;4;3;24;23;24;23;5;5;5;78.5;Reprodutivo
2;A;0;0;C3;20;20;no tag;2024;new;1;4.5;21;24.5;21;24.5;5;5;5;78.5;Jovem
2;A;0;0;C3;20;20;no tag;2024;new;5;7;25;27;25;27;5;5;5;78.5;Jovem
2;A;0;0;C3;20;20;no tag;2024;new;4.5;7;24.5;27;24.5;27;5;5;5;78.5;Jovem
2;A;0;0;C3;20;20;no tag;2024;new;7;2;27;22;27;22;5;5;5;78.5;Jovem
2;A;0;0;C3;20;20;no tag;2024;new;8;2;28;22;28;22;5;5;5;78.5;Jovem
2;A;0;0;C4;20;10;no tag;2024;new;5.5;9;25.5;19;25.5;19;5;5;5;78.5;Jovem
2;A;0;0;D1;10;40;no tag;2024;new;4;1;14;41;14;41;5;5;5;78.5;Jovem
2;A;0;0;D1;10;40;no tag;2024;new;0.5;1;10.5;41;10.5;41;5;5;5;78.5;Jovem
2;A;0;0;D1;10;40;no tag;2024;new;0.5;1;10.5;41;10.5;41;5;5;5;78.5;Jovem
2;A;0;0;D1;10;40;no tag;2024;new;5;0;15;40;15;40;5;5;5;78.5;Jovem
2;A;0;0;D2;10;30;no tag;2024;new;8;4;18;34;18;34;5;5;5;78.5;Jovem
2;A;0;0;D2;10;30;no tag;2024;new;6;3.5;16;33.5;16;33.5;5;5;5;78.5;Jovem
2;A;0;0;D2;10;30;no tag;2024;new;1.5;4;11.5;34;11.5;34;5;5;5;78.5;Jovem
2;B;50;0;A3;20;40;no tag;2024;new;0.5;2.5;20.5;42.5;70.5;42.5;13;5;5;78.5;Jovem
2;B;50;0;A3;20;40;no tag;2024;new;7;8.5;27;48.5;77;48.5;11;5;5;78.5;Jovem
2;B;50;0;A3;20;40;no tag;2024;new;9.5;6;29.5;46;79.5;46;5;5;5;78.5;Jovem
2;B;50;0;A4;30;40;no tag;2024;new;4;3;34;43;84;43;5;5;5;78.5;Jovem
2;B;50;0;A4;30;40;no tag;2024;new;6;6.5;36;46.5;86;46.5;5;5;5;78.5;Jovem
2;B;50;0;A4;30;40;no tag;2024;new;6;6.5;36;46.5;86;46.5;5;5;5;78.5;Jovem
2;B;50;0;A4;30;40;no tag;2024;new;6;0.5;36;40.5;86;40.5;5;5;5;78.5;Jovem
2;B;50;0;B1;0;30;no tag;2024;new;3;10;3;40;53;40;5;5;5;78.5;Jovem
2;B;50;0;B2;10;30;no tag;2024;new;8.5;0;18.5;30;68.5;30;5;5;5;78.5;Jovem
2;B;50;0;B2;10;30;no tag;2024;new;7.5;2.5;17.5;32.5;67.5;32.5;5;5;5;78.5;Jovem
2;B;50;0;B2;10;30;no tag;2024;new;2;3;12;33;62;33;5;5;5;78.5;Jovem
2;B;50;0;B3;20;30;no tag;2024;new;0;9.5;20;39.5;70;39.5;5;5;5;78.5;Jovem
2;B;50;0;B3;20;30;no tag;2024;new;2;9.5;22;39.5;72;39.5;5;5;5;78.5;Jovem
2;B;50;0;B4;30;30;no tag;2024;new;5.5;2.5;35.5;32.5;85.5;32.5;5;5;5;78.5;Jovem
2;B;50;0;C4;30;20;no tag;2024;new;2.5;4.5;32.5;24.5;82.5;24.5;5;5;5;78.5;Jovem
2;B;50;0;C4;30;20;no tag;2024;new;7;6.5;37;26.5;87;26.5;5;5;5;78.5;Jovem
2;B;50;0;D3;20;10;no tag;2024;new;9;2;29;12;79;12;5;5;5;78.5;Jovem
2;B;50;0;D3;20;10;no tag;2024;new;9;2;29;12;79;12;5;5;5;78.5;Jovem
2;B;50;0;D3;20;10;no tag;2024;new;9;2;29;12;79;12;5;5;5;78.5;Jovem
2;B;50;0;E1;0;0;no tag;2024;new;7;3;7;3;57;3;5;5;5;78.5;Jovem
2;B;50;0;E1;0;0;no tag;2024;new;5;5.5;5;5.5;55;5.5;5;5;5;78.5;Jovem
2;B;50;0;E1;0;0;no tag;2024;new;4;5;4;5;54;5;5;5;5;78.5;Jovem
2;B;50;0;E2;10;0;no tag;2024;new;1;2;11;2;61;2;5;5;5;78.5;Jovem
2;B;50;0;E2;10;0;no tag;2024;new;2;10;12;10;62;10;5;5;5;78.5;Jovem
2;B;50;0;E4;30;10;no tag;2024;new;5;4;35;14;85;14;5;5;5;78.5;Jovem
2;B;50;0;C2;10;20;no tag;2024;new;9;8.5;19;28.5;69;28.5;14;5;5;78.5;Jovem
2;B;50;0;C2;10;20;no tag;2024;new;9;9.5;19;29.5;69;29.5;20;5;5;78.5;Jovem
2;B;50;0;C2;10;20;no tag;2024;new;8;9.5;18;29.5;68;29.5;5;5;5;78.5;Jovem
2;B;50;0;C2;10;20;no tag;2024;new;9.5;7.5;19.5;27.5;69.5;27.5;5;5;5;78.5;Jovem
2;B;50;0;C2;10;20;no tag;2024;new;9.5;7.5;19.5;27.5;69.5;27.5;5;5;5;78.5;Jovem
2;B;50;0;C2;10;20;no tag;2024;new;9.5;7.5;19.5;27.5;69.5;27.5;5;5;5;78.5;Jovem
2;B;50;0;C2;10;20;no tag;2024;new;9.5;7.5;19.5;27.5;69.5;27.5;5;5;5;78.5;Jovem
2;B;50;0;C2;10;20;no tag;2024;new;9.5;7.5;19.5;27.5;69.5;27.5;5;5;5;78.5;Jovem
2;B;50;0;C2;10;20;no tag;2024;new;9.5;7.5;19.5;27.5;69.5;27.5;5;5;5;78.5;Jovem
2;B;50;0;C2;10;20;no tag;2024;new;9;0;19;20;69;20;5;5;5;78.5;Jovem
2;B;50;0;D2;10;10;no tag;2024;new;0.5;5;10.5;15;60.5;15;5;5;5;78.5;Jovem
2;B;50;0;D2;10;10;no tag;2024;new;0.5;6.5;10.5;16.5;60.5;16.5;5;5;5;78.5;Jovem
2;C;0;50;B3;10;20;no tag;2024;new;8.5;2.5;18.5;22.5;18.5;72.5;5;5;5;78.5;Jovem
2;C;0;50;B3;10;20;no tag;2024;new;7.5;2.5;17.5;22.5;17.5;72.5;5;5;5;78.5;Jovem
2;C;0;50;B4;10;30;no tag;2024;new;1;3;11;33;11;83;5;5;5;78.5;Jovem
2;C;0;50;C2;20;10;no tag;2024;new;7;7;27;17;27;67;5;5;5;78.5;Jovem
2;C;0;50;C2;20;10;no tag;2024;new;7;7;27;17;27;67;5;5;5;78.5;Jovem
2;C;0;50;C2;20;10;no tag;2024;new;7;7;27;17;27;67;5;5;5;78.5;Jovem
2;C;0;50;C3;20;20;no tag;2024;new;2.5;7;22.5;27;22.5;77;5;5;5;78.5;Jovem
2;C;0;50;C3;20;20;no tag;2024;new;2.5;8;22.5;28;22.5;78;5;5;5;78.5;Jovem
2;C;0;50;C3;20;20;no tag;2024;new;1.5;10;21.5;30;21.5;80;5;5;5;78.5;Jovem
2;C;0;50;C3;20;20;no tag;2024;new;7;7.5;27;27.5;27;77.5;5;5;5;78.5;Jovem
2;C;0;50;C3;20;20;no tag;2024;new;7;9.5;27;29.5;27;79.5;5;5;5;78.5;Jovem
2;C;0;50;C5;20;40;no tag;2024;new;2;1.5;22;41.5;22;91.5;5;5;5;78.5;Jovem
2;C;0;50;C5;20;40;no tag;2024;new;4;3.5;24;43.5;24;93.5;5;5;5;78.5;Jovem
2;C;0;50;D1;30;0;no tag;2024;new;5.5;4;35.5;4;35.5;54;5;5;5;78.5;Jovem
2;C;0;50;D1;30;0;no tag;2024;new;6.5;6.5;36.5;6.5;36.5;56.5;5;5;5;78.5;Jovem
2;C;0;50;D1;30;0;no tag;2024;new;7;3;37;3;37;53;5;5;5;78.5;Jovem
2;C;0;50;D2;30;10;no tag;2024;new;9.5;7;39.5;17;39.5;67;5;5;5;78.5;Jovem
2;C;0;50;D3;30;20;no tag;2024;new;7;7;37;27;37;77;5;5;5;78.5;Jovem
2;C;0;50;D3;30;20;no tag;2024;new;7;7;37;27;37;77;5;5;5;78.5;Jovem
2;C;0;50;D3;30;20;no tag;2024;new;7;7;37;27;37;77;5;5;5;78.5;Jovem
2;C;0;50;D3;30;20;no tag;2024;new;7;7;37;27;37;77;5;5;5;78.5;Jovem
2;C;0;50;D4;30;30;no tag;2024;new;5.5;6.5;35.5;36.5;35.5;86.5;5;5;5;78.5;Jovem
2;C;0;50;D4;30;30;no tag;2024;new;10;2.5;40;32.5;40;82.5;5;5;5;78.5;Jovem
2;C;0;50;D5;30;40;no tag;2024;new;2.5;7.5;32.5;47.5;32.5;97.5;5;5;5;78.5;Jovem
2;C;0;50;D5;30;40;no tag;2024;new;2.5;7.5;32.5;47.5;32.5;97.5;5;5;5;78.5;Jovem
2;C;0;50;D5;30;40;no tag;2024;new;2.5;8;32.5;48;32.5;98;5;5;5;78.5;Jovem
2;C;0;50;E2;40;10;no tag;2024;new;6;8;46;18;46;68;5;5;5;78.5;Jovem
2;C;0;50;E3;40;20;no tag;2024;new;2;4;42;24;42;74;5;5;5;78.5;Jovem
2;C;0;50;E3;40;20;no tag;2024;new;6.5;4.5;46.5;24.5;46.5;74.5;5;5;5;78.5;Jovem
2;C;0;50;E3;40;20;no tag;2024;new;8;4.5;48;24.5;48;74.5;5;5;5;78.5;Jovem
2;C;0;50;E3;40;20;no tag;2024;new;4;10;44;30;44;80;5;5;5;78.5;Jovem
2;C;0;50;E3;40;20;no tag;2024;new;5;10;45;30;45;80;5;5;5;78.5;Jovem
2;C;0;50;E3;40;20;no tag;2024;new;10;8;50;28;50;78;15;5;5;78.5;Jovem
2;C;0;50;E4;40;30;no tag;2024;new;7;3.5;47;33.5;47;83.5;5;5;5;78.5;Jovem
2;C;0;50;E5;40;40;no tag;2024;new;1;2.5;41;42.5;41;92.5;5;5;5;78.5;Jovem
2;D;50;50;A2;30;0;no tag;2024;new;0.5;5;30.5;5;80.5;55;5;5;5;78.5;Jovem
2;D;50;50;A2;30;0;no tag;2024;new;4.5;1;34.5;1;84.5;51;5;5;5;78.5;Jovem
2;D;50;50;A2;30;0;no tag;2024;new;3.5;4.5;33.5;4.5;83.5;54.5;5;5;5;78.5;Jovem
2;D;50;50;A2;30;0;no tag;2024;new;3.5;4.5;33.5;4.5;83.5;54.5;5;5;5;78.5;Jovem
2;D;50;50;A2;30;0;no tag;2024;new;3;1;33;1;83;51;5;5;5;78.5;Jovem
2;D;50;50;A3;20;0;no tag;2024;new;1;9.5;21;9.5;71;59.5;5;5;5;78.5;Jovem
2;D;50;50;A4;10;0;no tag;2024;new;0.5;5.5;10.5;5.5;60.5;55.5;5;5;5;78.5;Jovem
2;D;50;50;A4;10;0;no tag;2024;new;1;6.5;11;6.5;61;56.5;5;5;5;78.5;Jovem
2;D;50;50;A5;0;0;no tag;2024;new;4.5;4;4.5;4;54.5;54;17;5;5;78.5;Jovem
2;D;50;50;A5;0;0;2980;2024;new;4.5;8;4.5;8;54.5;58;20;21;23;1516.62;Reprodutivo
2;D;50;50;B2;30;10;no tag;2024;new;4;4.5;34;14.5;84;64.5;14;5;5;78.5;Jovem
2;D;50;50;B2;30;10;no tag;2024;new;6.5;9;36.5;19;86.5;69;5;5;5;78.5;Jovem
2;D;50;50;B2;30;10;no tag;2024;new;6.5;9;36.5;19;86.5;69;5;5;5;78.5;Jovem
2;D;50;50;B3;20;10;no tag;2024;new;1;3;21;13;71;63;5;5;5;78.5;Jovem
2;D;50;50;B4;10;10;no tag;2024;new;5.5;4.5;15.5;14.5;65.5;64.5;5;5;5;78.5;Jovem
2;D;50;50;B5;0;10;no tag;2024;new;7;1;7;11;57;61;5;5;5;78.5;Jovem
2;D;50;50;B5;0;10;no tag;2024;new;7;1;7;11;57;61;5;5;5;78.5;Jovem
2;D;50;50;B5;0;10;no tag;2024;new;7;1;7;11;57;61;5;5;5;78.5;Jovem
2;D;50;50;B5;0;10;no tag;2024;new;7;1;7;11;57;61;5;5;5;78.5;Jovem
2;D;50;50;C5;0;20;no tag;2024;new;3;2.5;3;22.5;53;72.5;9;5;5;78.5;Reprodutivo
2;D;50;50;C5;0;20;no tag;2024;new;2.5;4.5;2.5;24.5;52.5;74.5;5;5;5;78.5;Reprodutivo
2;D;50;50;C5;0;20;no tag;2024;new;5;5;5;25;55;75;5;5;5;78.5;Jovem
2;D;50;50;C2;30;20;no tag;2024;new;0.5;8;30.5;28;80.5;78;5;5;5;78.5;Jovem
2;D;50;50;D1;40;30;no tag;2024;new;4.5;7;44.5;37;94.5;87;5;5;5;78.5;Jovem
2;D;50;50;D3;20;30;no tag;2024;new;2;7.5;22;37.5;72;87.5;5;5;5;78.5;Jovem
2;D;50;50;E3;20;40;no tag;2024;new;5.5;5;25.5;45;75.5;95;5;5;5;78.5;Jovem
2;D;50;50;E4;10;40;no tag;2024;new;7.5;5;17.5;45;67.5;95;5;5;5;78.5;Jovem
3;A;;;A5;40;0;no tag;2024;new;4.5;7.5;44.5;7.5;44.5;7.5;15;5;5;78.5;Jovem
3;A;;;B4;30;10;no tag;2024;new;6;6;36;16;36;16;7;5;5;78.5;Jovem
3;A;;;C4;20;10;no tag;2024;new;3.5;0.5;23.5;10.5;23.5;10.5;5;5;5;78.5;Jovem
3;A;;;C5;20;0;no tag;2024;new;2.5;2.5;22.5;2.5;22.5;2.5;5;5;5;78.5;Jovem
3;C;;;A2;0;10;no tag;2024;new;5.5;9.5;5.5;19.5;5.5;19.5;5;5;5;78.5;Jovem
3;D;;;B1;40;10;no tag;2024;new;7.7;4;47.7;14;47.7;14;15;5;5;78.5;Jovem
3;D;;;B5;0;10;no tag;2024;new;10;5;10;15;10;15;5;5;5;78.5;Jovem
3;D;;;C1;40;20;no tag;2024;new;8;5.5;48;25.5;48;25.5;5;5;5;78.5;Jovem
3;D;;;C4;10;20;no tag;2024;new;7.5;5.5;17.5;25.5;17.5;25.5;15;5;5;78.5;Jovem
3;D;;;C4;10;20;no tag;2024;new;2;5;12;25;12;25;23;5;5;78.5;Jovem
3;D;;;C5;0;20;no tag;2024;new;2;7;2;27;2;27;5;5;5;78.5;Jovem
3;D;;;D2;30;30;no tag;2024;new;5;10;35;40;35;40;17;5;5;78.5;Jovem
3;D;;;D4;10;30;no tag;2024;new;8;5;18;35;18;35;5;5;5;78.5;Jovem
3;D;;;D4;10;30;no tag;2024;new;8;5.5;18;35.5;18;35.5;5;5;5;78.5;Jovem
3;D;;;D4;10;30;no tag;2024;new;10;5;20;35;20;35;5;5;5;78.5;Jovem
3;D;;;E5;0;40;no tag;2024;new;2.5;5;2.5;45;2.5;45;7;5;5;78.5;Jovem
3;D;;;E5;0;40;no tag;2024;new;5;5.5;5;45.5;5;45.5;5;5;5;78.5;Jovem
3;D;;;E5;0;40;no tag;2024;new;5;5.5;5;45.5;5;45.5;5;5;5;78.5;Jovem
3;D;;;E5;0;40;no tag;2024;new;5;4.5;5;44.5;5;44.5;5;5;5;78.5;Jovem
4;A;0;0;B1;30;40;No tag;2024;new;9;2;39;42;39;42;5;5;5;78.5;Jovem
4;A;0;0;C1;20;40;No tag;2024;new;1;1;21;41;21;41;5;5;5;78.5;Jovem
4;A;0;0;C1;20;40;No tag;2024;new;9;6;29;46;29;46;10;12;13;489.84;Jovem
4;B;50;0;A2;10;40;No tag;2024;new;2.5;7;12.5;47;62.5;47;5;5;5;78.5;Jovem
4;B;50;0;D4;30;10;No tag;2024;new;0.5;2.5;30.5;12.5;80.5;12.5;5;5;5;78.5;Jovem
4;C;0;50;A2;0;10;No tag;2024;new;0;0.5;0;10.5;0;60.5;5;5;5;78.5;Jovem
4;C;0;50;A4;0;30;No tag;2024;new;4;6;4;36;4;86;5;5;5;78.5;Jovem
4;C;0;50;A4;0;30;No tag;2024;new;4.5;6;4.5;36;4.5;86;5;5;5;78.5;Jovem
4;C;0;50;A4;0;30;No tag;2024;new;8;3.5;8;33.5;8;83.5;5;5;5;78.5;Jovem
4;C;0;50;A5;0;40;No tag;2024;new;4;3;4;43;4;93;5;5;5;78.5;Jovem
4;C;0;50;A3;0;20;No tag;2024;new;3;2.5;3;22.5;3;72.5;5;5;5;78.5;Jovem
4;C;0;50;A4;0;30;No tag;2024;new;3;5.5;3;35.5;3;85.5;5;5;5;78.5;Jovem
4;C;0;50;B5;10;40;No tag;2024;new;3;7;13;47;13;97;5;5;5;78.5;Jovem
4;C;0;50;D1;30;0;No tag;2024;new;7.5;10;37.5;10;37.5;60;5;5;5;78.5;Jovem
4;C;0;50;E1;40;0;No tag;2024;new;2;3.5;42;3.5;42;53.5;5;5;5;78.5;Jovem
5;A;0;0;B5;30;0;no tag;2024;new;3;7;33;7;33;7;5;5;5;78.5;Jovem
5;A;0;0;C2;20;30;no tag;2024;new;5;2.5;25;32.5;25;32.5;5;5;5;78.5;Jovem
5;A;0;0;D2;10;30;no tag;2024;new;6;6;16;36;16;36;5;5;5;78.5;Jovem
5;A;0;0;D2;10;30;no tag;2024;new;8;8.5;18;38.5;18;38.5;5;5;5;78.5;Jovem
5;A;0;0;E3;0;20;no tag;2024;new;3;9;3;29;3;29;5;5;5;78.5;Jovem
5;A;0;0;E3;0;20;no tag;2024;new;6;9;6;29;6;29;15;10;12;376.8;Jovem
5;A;0;0;E4;0;10;no tag;2024;new;9;1.5;9;11.5;9;11.5;13;14;12;527.52;Reprodutiva
5;A;0;0;E5;0;0;no tag;2024;new;9;4.5;9;4.5;9;4.5;5;5;5;78.5;Jovem
5;B;50;0;D3;20;10;no tag;2024;new;7;8.5;27;18.5;77;18.5;5;5;5;78.5;Jovem
5;B;50;0;D5;40;10;no tag;2024;new;4;7;44;17;94;17;5;5;5;78.5;Jovem
5;B;50;0;D5;40;10;no tag;2024;new;4;7.5;44;17.5;94;17.5;5;5;5;78.5;Jovem
5;B;50;0;E1;0;0;no tag;2024;new;0;0;0;0;50;0;5;5;5;78.5;Jovem
5;B;50;0;E5;40;0;no tag;2024;new;5;0.5;45;0.5;95;0.5;5;5;5;78.5;Jovem
5;B;50;0;A2;0;10;no tag;2024;new;0;7;0;17;50;17;5;5;5;78.5;Jovem
5;B;50;0;A4;0;30;no tag;2024;new;10;6;10;36;60;36;5;5;5;78.5;Jovem
5;B;50;0;B5;40;30;no tag;2024;new;4;9;44;39;94;39;5;5;5;78.5;Jovem
5;B;50;0;B4;30;30;no tag;2024;new;1.5;6;31.5;36;81.5;36;5;5;5;78.5;Jovem
5;B;50;0;B4;30;30;no tag;2024;new;1.5;6;31.5;36;81.5;36;5;5;5;78.5;Jovem
5;B;50;0;B4;30;30;no tag;2024;new;1.5;9;31.5;39;81.5;39;5;5;5;78.5;Jovem
5;B;50;0;B3;30;20;no tag;2024;new;5;2;35;22;85;22;5;5;5;78.5;Jovem
5;B;50;0;B2;20;30;no tag;2024;new;1;0;21;30;71;30;5;5;5;78.5;Jovem
5;B;50;0;B2;20;30;no tag;2024;new;1;0.5;21;30.5;71;30.5;5;5;5;78.5;Jovem
5;B;50;0;B2;20;30;no tag;2024;new;2;2;22;32;72;32;5;5;5;78.5;Jovem
5;B;50;0;C1;0;20;no tag;2024;new;8;5;8;25;58;25;5;5;5;78.5;Jovem
5;B;50;0;C2;10;20;no tag;2024;new;7;3.5;17;23.5;67;23.5;5;5;5;78.5;Jovem
5;B;50;0;C2;10;20;no tag;2024;new;4;9.5;14;29.5;64;29.5;5;5;5;78.5;Jovem
5;B;50;0;C2;10;20;no tag;2024;new;4;9;14;29;64;29;5;5;5;78.5;Jovem
5;B;50;0;D2;10;10;no tag;2024;new;5.5;7;15.5;17;65.5;17;5;5;5;78.5;Jovem
5;B;50;0;D3;20;10;no tag;2024;new;5.5;1.5;25.5;11.5;75.5;11.5;5;5;5;78.5;Jovem
5;B;50;0;D3;20;10;no tag;2024;new;6.5;0.5;26.5;10.5;76.5;10.5;5;5;5;78.5;Jovem
5;C;0;50;A1;0;0;no tag;2024;new;5;0;5;0;5;50;5;5;5;78.5;Jovem
5;C;0;50;A1;0;0;no tag;2024;new;0;6;0;6;0;56;5;5;5;78.5;Jovem
5;C;0;50;A1;0;0;no tag;2024;new;8.5;9;8.5;9;8.5;59;5;5;5;78.5;Jovem
5;C;0;50;E1;40;0;no tag;2024;new;7;5.5;47;5.5;47;55.5;5;5;5;78.5;Jovem
5;C;0;50;E2;40;10;no tag;2024;new;6;6.5;46;16.5;46;66.5;5;5;5;78.5;Jovem
5;C;0;50;E2;40;10;no tag;2024;new;4;9;44;19;44;69;5;5;5;78.5;Jovem
5;C;0;50;E3;40;20;no tag;2024;new;4;0;44;20;44;70;5;5;5;78.5;Jovem
5;C;0;50;E3;40;20;no tag;2024;new;9;3;49;23;49;73;5;5;5;78.5;Jovem
5;D;50;50;A1;40;0;no tag;2024;new;6;1;46;1;96;51;5;5;5;78.5;Jovem
5;D;50;50;A1;40;0;no tag;2024;new;1.5;6;41.5;6;91.5;56;5;5;5;78.5;Jovem
5;D;50;50;A3;20;0;no tag;2024;new;1.5;8;21.5;8;71.5;58;5;5;5;78.5;Jovem
5;D;50;50;B1;40;10;no tag;2024;new;6.5;0.5;46.5;10.5;96.5;60.5;5;5;5;78.5;Jovem
5;D;50;50;B1;40;10;no tag;2024;new;8;5;48;15;98;65;5;5;5;78.5;Jovem
5;D;50;50;C1;30;20;no tag;2024;new;1;7.5;31;27.5;81;77.5;5;5;5;78.5;Jovem
5;D;50;50;D4;20;30;no tag;2024;new;9;5.5;29;35.5;79;85.5;5;5;5;78.5;Jovem
6;D;;;D2;;;no tag;2024;new;3.5;8;3.5;8;3.5;8;5;5;5;78.5;Jovem
6;D;;;E5;;;no tag;2024;new;8;4;8;4;8;4;5;5;5;78.5;Jovem
6;D;;;E5;;;no tag;2024;new;4;4.5;4;4.5;4;4.5;5;5;5;78.5;Jovem
6;A;;;A1;;;no tag;2024;new;7;1;7;1;7;1;5;5;5;78.5;Jovem
6;A;;;C1;;;no tag;2024;new;7;4;7;4;7;4;5;5;5;78.5;Jovem
6;A;;;D5;;;no tag;2024;new;7;5;7;5;7;5;5;5;5;78.5;Jovem
6;A;;;D5;;;no tag;2024;new;7;5;7;5;7;5;5;5;5;78.5;Jovem
6;B;;;A5;;;no tag;2024;new;10;6;10;6;10;6;5;5;5;78.5;Jovem
6;B;;;C4;;;no tag;2024;new;5.5;4.5;5.5;4.5;5.5;4.5;5;5;5;78.5;Jovem
6;C;;;A3;;;2870;2024;new;3;10;3;10;3;10;20;10;11;345.4;Reprodutiva
6;C;;;A5;;;no tag;2024;new;8;3.5;8;3.5;8;3.5;5;5;5;78.5;Jovem
6;C;;;B2;;;no tag;2024;new;6;4;6;4;6;4;5;5;5;78.5;Jovem
6;C;;;B2;;;no tag;2024;new;6;7;6;7;6;7;14;15;10;471;Jovem
6;C;;;B3;;;no tag;2024;new;4.5;8;4.5;8;4.5;8;25;15;9;423.9;Reprodutiva
6;C;;;B5;;;no tag;2024;new;8;0;8;0;8;0;5;5;5;78.5;Jovem
6;C;;;B5;;;no tag;2024;new;1.5;9;1.5;9;1.5;9;5;5;5;78.5;Jovem
7;A;;;B2;;;no tag;2024;new;6.5;7;6.5;7;6.5;7;5;5;5;78.5;Jovem
7;A;;;C2;;;no tag;2024;new;7.5;3.5;7.5;3.5;7.5;3.5;5;5;5;78.5;Jovem
7;A;;;D3;;;no tag;2024;new;7;8;7;8;7;8;5;5;5;78.5;Jovem
7;A;;;E3;;;no tag;2024;new;2;5;2;5;2;5;5;5;5;78.5;Jovem
7;A;;;E5;;;no tag;2024;new;7;3;7;3;7;3;22;16;5;251.2;Jovem
7;B;;;A1;;;no tag;2024;new;2;4;2;4;2;4;5;5;5;78.5;Jovem
7;B;;;A1;;;no tag;2024;new;6;8;6;8;6;8;5;5;5;78.5;Jovem
7;B;;;A2;;;no tag;2024;new;9;9;9;9;9;9;5;5;5;78.5;Jovem
7;B;;;A4;;;no tag;2024;new;2;9;2;9;2;9;5;5;5;78.5;Jovem
7;C;;;A1;;;no tag;2024;new;7.5;7;7.5;7;7.5;7;5;5;5;78.5;Jovem
7;C;;;A1;;;no tag;2024;new;0;9;0;9;0;9;5;5;5;78.5;Jovem
7;C;;;B3;;;no tag;2024;new;8;8;8;8;8;8;5;5;5;78.5;Jovem
7;C;;;E4;;;no tag;2024;new;7;9;7;9;7;9;5;5;5;78.5;Jovem
7;C;;;E5;;;no tag;2024;new;5.5;1;5.5;1;5.5;1;5;5;5;78.5;Jovem
7;D;;;A3;;;no tag;2024;new;2;6;2;6;2;6;5;5;5;78.5;Jovem
7;D;;;A5;;;no tag;2024;new;5;4;5;4;5;4;5;5;5;78.5;Jovem
7;D;;;B3;;;no tag;2024;new;4.5;7.5;4.5;7.5;4.5;7.5;22;5;5;78.5;Reprodutivo
7;D;;;C1;;;no tag;2024;new;7.5;3;7.5;3;7.5;3;5;5;5;78.5;Jovem
7;D;;;C5;;;no tag;2024;new;8;10;8;10;8;10;5;5;5;78.5;Jovem
7;D;;;D1;;;no tag;2024;new;4.5;0;4.5;0;4.5;0;5;5;5;78.5;Jovem
7;D;;;E5;;;no tag;2024;new;2;5.5;2;5.5;2;5.5;5;5;5;78.5;Jovem
8;A;;;C4;;;no tag;2024;new;2.5;2.5;2.5;2.5;2.5;2.5;5;5;5;78.5;Jovem
8;B;;;A2;;;no tag;2024;new;7.5;5;7.5;5;7.5;5;5;5;5;78.5;Jovem
8;B;;;A5;;;no tag;2024;new;6.5;10;6.5;10;6.5;10;5;5;5;78.5;Jovem
8;B;;;B5;;;no tag;2024;new;1;10;1;10;1;10;5;5;5;78.5;Jovem
8;B;;;B5;;;no tag;2024;new;6;6;6;6;6;6;5;5;5;78.5;Jovem
8;B;;;B5;;;no tag;2024;new;7;7;7;7;7;7;5;5;5;78.5;Jovem
8;B;;;B5;;;no tag;2024;new;8;7;8;7;8;7;5;5;5;78.5;Jovem
8;B;;;B5;;;no tag;2024;new;10;3.5;10;3.5;10;3.5;5;5;5;78.5;Jovem
8;B;;;B5;;;no tag;2024;new;10;3.5;10;3.5;10;3.5;5;5;5;78.5;Jovem
8;B;;;C1;;;no tag;2024;new;7;9;7;9;7;9;5;5;5;78.5;Jovem
8;B;;;D5;;;no tag;2024;new;5.5;8;5.5;8;5.5;8;5;5;5;78.5;Jovem
8;C;;;D4;;;no tag;2024;new;3.5;9.5;3.5;9.5;3.5;9.5;5;5;5;78.5;Jovem
8;C;;;E2;;;no tag;2024;new;8;2;8;2;8;2;5;5;5;78.5;Jovem
8;D;;;A1;;;no tag;2024;new;0.5;6;0.5;6;0.5;6;5;5;5;78.5;Jovem
8;D;;;A3;;;no tag;2024;new;4;4;4;4;4;4;5;5;5;78.5;Jovem
9;A;;;B2;;;No tag;2024;new;10;0;10;0;10;0;5;5;5;78.5;Jovem
9;A;;;B5;;;No tag;2024;new;1;5.5;1;5.5;1;5.5;5;5;5;78.5;Jovem
9;A;;;C1;;;No tag;2024;new;3.5;4.5;3.5;4.5;3.5;4.5;5;5;5;78.5;Jovem
9;A;;;D1;;;No tag;2024;new;8;4.5;8;4.5;8;4.5;5;5;5;78.5;Jovem
9;A;;;D3;;;No tag;2024;new;5;1;5;1;5;1;5;5;5;78.5;Jovem
9;A;;;D4;;;No tag;2024;new;4.5;5;4.5;5;4.5;5;5;5;5;78.5;Jovem
9;A;;;E2;;;No tag;2024;new;4.5;5.5;4.5;5.5;4.5;5.5;5;5;5;78.5;Jovem
9;A;;;E3;;;No tag;2024;new;9.5;8.5;9.5;8.5;9.5;8.5;23;15;13;612.3;Jovem
9;B;;;A3;;;No tag;2024;new;5;4.5;5;4.5;5;4.5;5;5;5;78.5;Jovem
9;B;;;B2;;;No tag;2024;new;3;1.5;3;1.5;3;1.5;5;5;5;78.5;Jovem
9;B;;;B2;;;No tag;2024;new;3;1.5;3;1.5;3;1.5;5;5;5;78.5;Jovem
9;B;;;B2;;;No tag;2024;new;5;4;5;4;5;4;5;5;5;78.5;Jovem
9;B;;;B2;;;No tag;2024;new;4;7.5;4;7.5;4;7.5;5;5;5;78.5;Jovem
9;B;;;C3;;;No tag;2024;new;5;0.5;5;0.5;5;0.5;5;5;5;78.5;Jovem
9;B;;;C3;;;No tag;2024;new;2.5;2;2.5;2;2.5;2;5;5;5;78.5;Jovem
9;B;;;C3;;;No tag;2024;new;9;4.5;9;4.5;9;4.5;5;5;5;78.5;Jovem
9;B;;;C2;;;No tag;2024;new;9;4;9;4;9;4;5;5;5;78.5;Jovem
9;B;;;C5;;;No tag;2024;new;4;4.5;4;4.5;4;4.5;25;15;10;471;Reprodutivo
9;B;;;D2;;;No tag;2024;new;4;1;4;1;4;1;5;5;5;78.5;Jovem
9;B;;;D2;;;No tag;2024;new;6;1;6;1;6;1;5;5;5;78.5;Jovem
9;B;;;D2;;;No tag;2024;new;3;7.5;3;7.5;3;7.5;5;5;5;78.5;Jovem
9;B;;;D2;;;No tag;2024;new;0.5;9;0.5;9;0.5;9;5;5;5;78.5;Jovem
9;B;;;D2;;;No tag;2024;new;1;9;1;9;1;9;5;5;5;78.5;Jovem
9;B;;;D2;;;No tag;2024;new;8.5;7.5;8.5;7.5;8.5;7.5;5;5;5;78.5;Jovem
9;B;;;D3;;;No tag;2024;new;4;3.5;4;3.5;4;3.5;5;5;5;78.5;Jovem
9;B;;;D3;;;No tag;2024;new;4;5;4;5;4;5;5;5;5;78.5;Jovem
9;B;;;D3;;;No tag;2024;new;4;6;4;6;4;6;5;5;5;78.5;Jovem
9;B;;;D3;;;No tag;2024;new;9;7;9;7;9;7;5;5;5;78.5;Jovem
9;B;;;D3;;;No tag;2024;new;7.5;0;7.5;0;7.5;0;5;5;5;78.5;Jovem
9;B;;;D3;;;No tag;2024;new;9;8;9;8;9;8;5;5;5;78.5;Jovem
9;B;;;E5;;;No tag;2024;new;0.5;9;0.5;9;0.5;9;5;5;5;78.5;Jovem
9;C;;;A1;;;No tag;2024;new;7.5;5;7.5;5;7.5;5;5;5;5;78.5;Jovem
9;C;;;A1;;;No tag;2024;new;7.5;5;7.5;5;7.5;5;5;5;5;78.5;Jovem
9;C;;;A1;;;No tag;2024;new;7.5;5;7.5;5;7.5;5;5;5;5;78.5;Jovem
9;C;;;A1;;;No tag;2024;new;7;9;7;9;7;9;5;5;5;78.5;Jovem
9;C;;;E2;;;No tag;2024;new;3;10;3;10;3;10;5;5;5;78.5;Jovem
9;C;;;E2;;;No tag;2024;new;7;6.5;7;6.5;7;6.5;5;5;5;78.5;Jovem
9;C;;;E2;;;No tag;2024;new;8;6;8;6;8;6;5;5;5;78.5;Jovem
9;D;;;A1;;;No tag;2024;new;6;5;6;5;6;5;5;5;5;78.5;Jovem
9;D;;;A4;;;No tag;2024;new;3;3.5;3;3.5;3;3.5;5;5;5;78.5;Jovem
9;D;;;A4;;;No tag;2024;new;1;9.5;1;9.5;1;9.5;5;5;5;78.5;Jovem
9;D;;;A5;;;No tag;2024;new;6.5;5;6.5;5;6.5;5;5;5;5;78.5;Jovem
9;D;;;B1;;;No tag;2024;new;8;0;8;0;8;0;5;5;5;78.5;Jovem
9;D;;;B3;;;No tag;2024;new;5.5;6;5.5;6;5.5;6;23;10;11;345.4;Jovem
9;D;;;B4;;;No tag;2024;new;0.5;0.5;0.5;0.5;0.5;0.5;5;5;5;78.5;Jovem
9;D;;;C1;;;No tag;2024;new;4.5;3;4.5;3;4.5;3;5;5;5;78.5;Jovem
9;D;;;C5;;;No tag;2024;new;3;2.5;3;2.5;3;2.5;5;5;5;78.5;Jovem
9;D;;;D2;;;No tag;2024;new;6;4;6;4;6;4;5;5;5;78.5;Jovem
10;A;;;B5;;;No tag;2024;new;4;5;4;5;4;5;5;5;5;78.5;Jovem
10;A;;;E1;;;No tag;2024;new;2;4.5;2;4.5;2;4.5;5;5;5;78.5;Jovem
10;B;;;B4;;;No tag;2024;new;9.5;1;9.5;1;9.5;1;5;5;5;78.5;Jovem
10;C;;;D2;;;No tag;2024;new;7;5.5;7;5.5;7;5.5;16;5;5;78.5;Jovem
10;C;;;D3;;;No tag;2024;new;3;1.5;3;1.5;3;1.5;5;5;5;78.5;Jovem
10;C;;;D3;;;No tag;2024;new;6;3;6;3;6;3;5;5;5;78.5;Jovem
